Postgres4,,,,,,,,,,
order_id,order_placement_date,customer_id,product_id,order_qty,agreed_delivery_date,actual_delivery_date,delivery_qty,In Full,On Time,On Time In Full
FMR34203601,01-03-2025,789203,25891601,110,2025-04-03,2025-04-03,110,1,1,1
FMR32320302,01-03-2025,789320,25891203,347,2025-02-03,2025-02-03,347,1,1,1
FMR33320501,01-03-2025,789320,25891203,187,2025-03-03,2025-03-03,150,0,1,0
FMR34220601,01-03-2025,789220,25891203,235,2025-04-03,2025-04-03,235,1,1,1
FMR33703603,01-03-2025,789703,25891203,176,2025-03-03,2025-03-03,176,1,1,1
FMR33721603,01-03-2025,789721,25891203,345,2025-03-03,2025-03-03,345,1,1,1
FMR33420203,01-03-2025,789420,25891203,138,2025-03-03,2025-06-03,138,1,0,0
FMR34420402,01-03-2025,789420,25891203,381,2025-04-03,2025-05-03,381,1,0,0
FMR32403401,01-03-2025,789403,25891203,348,2025-02-03,2025-02-03,348,1,1,1
FMR34121203,01-03-2025,789121,25891203,480,2025-04-03,2025-06-03,480,1,0,0
FMR32501601,01-03-2025,789501,25891203,478,2025-02-03,2025-02-03,478,1,1,1
FMR34501203,01-03-2025,789501,25891203,491,2025-04-03,2025-04-03,491,1,1,1
FMR34102602,01-03-2025,789102,25891203,407,2025-04-03,2025-04-03,387,0,1,0
FMR33902203,01-03-2025,789902,25891203,299,2025-03-03,2025-03-03,299,1,1,1
FMR34903603,01-03-2025,789903,25891203,329,2025-04-03,2025-04-03,329,1,1,1
FMR32421203,01-03-2025,789421,25891203,441,2025-02-03,2025-03-03,419,0,0,0
FMR33421203,01-03-2025,789421,25891203,104,2025-03-03,2025-06-03,99,0,0,0
FMR33402203,01-03-2025,789402,25891203,491,2025-03-03,2025-05-03,491,1,0,0
FMR33621603,01-03-2025,789621,25891203,138,2025-03-03,2025-03-03,138,1,1,1
FMR34520301,01-03-2025,789520,25891203,172,2025-04-03,2025-04-03,155,0,1,0
FMR33702302,01-03-2025,789702,25891302,38,2025-03-03,2025-03-03,30,0,1,0
FMR32320302,01-03-2025,789320,25891302,54,2025-02-03,2025-02-03,54,1,1,1
FMR34603302,01-03-2025,789603,25891302,37,2025-04-03,2025-04-03,37,1,1,1
FMR34721502,01-03-2025,789721,25891302,63,2025-04-03,2025-05-03,60,0,0,0
FMR33621302,01-03-2025,789621,25891302,56,2025-03-03,2025-04-03,56,1,0,0
FMR32520302,01-03-2025,789520,25891302,54,2025-02-03,2025-03-03,49,0,0,0
FMR33520601,01-03-2025,789520,25891302,42,2025-03-03,2025-05-03,34,0,0,0
FMR34520302,01-03-2025,789520,25891302,23,2025-04-03,2025-05-03,22,0,0,0
FMR32420602,01-03-2025,789420,25891302,49,2025-02-03,2025-04-03,49,1,0,0
FMR32902402,01-03-2025,789902,25891302,70,2025-02-03,2025-02-03,70,1,1,1
FMR32521302,01-03-2025,789521,25891302,34,2025-02-03,2025-03-03,34,1,0,0
FMR32720302,01-03-2025,789720,25891302,49,2025-02-03,2025-02-03,49,1,1,1
FMR33401603,01-03-2025,789401,25891302,40,2025-03-03,2025-03-03,40,1,1,1
FMR33121302,01-03-2025,789121,25891302,26,2025-03-03,2025-03-03,26,1,1,1
FMR32903403,01-03-2025,789903,25891302,42,2025-02-03,2025-02-03,40,0,1,0
FMR32422302,01-03-2025,789422,25891302,67,2025-02-03,2025-05-03,54,0,0,0
FMR32301302,01-03-2025,789301,25891302,29,2025-02-03,2025-05-03,29,1,0,0
FMR33721603,01-03-2025,789721,25891301,59,2025-03-03,2025-03-03,59,1,1,1
FMR32420403,01-03-2025,789420,25891301,87,2025-02-03,2025-02-03,87,1,1,1
FMR33420301,01-03-2025,789420,25891301,23,2025-03-03,2025-05-03,18,0,0,0
FMR33320501,01-03-2025,789320,25891301,46,2025-03-03,2025-03-03,46,1,1,1
FMR33122301,01-03-2025,789122,25891301,29,2025-03-03,2025-05-03,26,0,0,0
FMR34101301,01-03-2025,789101,25891301,76,2025-04-03,2025-04-03,76,1,1,1
FMR33421301,01-03-2025,789421,25891301,75,2025-03-03,2025-05-03,67,0,0,0
FMR34421301,01-03-2025,789421,25891301,47,2025-04-03,2025-04-03,45,0,1,0
FMR34103403,01-03-2025,789103,25891301,71,2025-04-03,2025-04-03,67,0,1,0
FMR32121301,01-03-2025,789121,25891301,72,2025-02-03,2025-03-03,65,0,0,0
FMR34203601,01-03-2025,789203,25891301,100,2025-04-03,2025-04-03,100,1,1,1
FMR33402303,01-03-2025,789402,25891301,94,2025-03-03,2025-03-03,94,1,1,1
FMR34221301,01-03-2025,789221,25891301,44,2025-04-03,2025-04-03,44,1,1,1
FMR34202301,01-03-2025,789202,25891301,45,2025-04-03,2025-04-03,45,1,1,1
FMR32522301,01-03-2025,789522,25891301,46,2025-02-03,2025-03-03,46,1,0,0
FMR34522403,01-03-2025,789522,25891301,47,2025-04-03,2025-05-03,38,0,0,0
FMR34520301,01-03-2025,789520,25891301,38,2025-04-03,2025-04-03,34,0,1,0
FMR33301301,01-03-2025,789301,25891301,92,2025-03-03,2025-03-03,83,0,1,0
FMR34303602,01-03-2025,789303,25891301,44,2025-04-03,2025-04-03,40,0,1,0
FMR33220603,01-03-2025,789220,25891301,75,2025-03-03,2025-03-03,75,1,1,1
FMR32422301,01-03-2025,789422,25891301,63,2025-02-03,2025-02-03,63,1,1,1
FMR33422301,01-03-2025,789422,25891301,63,2025-03-03,2025-05-03,60,0,0,0
FMR34303602,01-03-2025,789303,25891102,352,2025-04-03,2025-04-03,317,0,1,0
FMR34401102,01-03-2025,789401,25891102,369,2025-04-03,2025-03-03,369,1,1,1
FMR34520302,01-03-2025,789520,25891102,373,2025-04-03,2025-05-03,336,0,0,0
FMR32121102,01-03-2025,789121,25891102,397,2025-02-03,2025-01-03,377,0,1,0
FMR33902203,01-03-2025,789902,25891102,494,2025-03-03,2025-03-03,395,0,1,0
FMR34902102,01-03-2025,789902,25891102,465,2025-04-03,2025-05-03,465,1,0,0
FMR32503401,01-03-2025,789503,25891102,459,2025-02-03,2025-02-03,367,0,1,0
FMR32720302,01-03-2025,789720,25891102,402,2025-02-03,2025-02-03,402,1,1,1
FMR33720202,01-03-2025,789720,25891102,483,2025-03-03,2025-03-03,483,1,1,1
FMR34321602,01-03-2025,789321,25891102,368,2025-04-03,2025-04-03,331,0,1,0
FMR32103503,01-03-2025,789103,25891102,307,2025-02-03,2025-02-03,246,0,1,0
FMR32421102,01-03-2025,789421,25891102,309,2025-02-03,2025-04-03,278,0,0,0
FMR34421301,01-03-2025,789421,25891102,412,2025-04-03,2025-04-03,391,0,1,0
FMR34320102,01-03-2025,789320,25891102,432,2025-04-03,2025-05-03,432,1,0,0
FMR32420102,01-03-2025,789420,25891102,310,2025-02-03,2025-05-03,310,1,0,0
FMR32702601,01-03-2025,789702,25891102,478,2025-02-03,2025-02-03,454,0,1,0
FMR34220601,01-03-2025,789220,25891102,473,2025-04-03,2025-04-03,473,1,1,1
FMR34201202,01-03-2025,789201,25891102,372,2025-04-03,2025-04-03,353,0,1,0
FMR32102102,01-03-2025,789102,25891102,496,2025-02-03,2025-01-03,496,1,1,1
FMR34122102,01-03-2025,789122,25891102,443,2025-04-03,2025-06-03,399,0,0,0
FMR33621102,01-03-2025,789621,25891102,480,2025-03-03,2025-06-03,480,1,0,0
FMR32622502,01-03-2025,789622,25891502,153,2025-02-03,2025-02-03,138,0,1,0
FMR33622502,01-03-2025,789622,25891502,132,2025-03-03,2025-03-03,132,1,1,1
FMR32420602,01-03-2025,789420,25891502,165,2025-02-03,2025-04-03,157,0,0,0
FMR32201502,01-03-2025,789201,25891502,160,2025-02-03,2025-02-03,160,1,1,1
FMR33220603,01-03-2025,789220,25891502,211,2025-03-03,2025-03-03,211,1,1,1
FMR33202502,01-03-2025,789202,25891502,141,2025-03-03,2025-03-03,134,0,1,0
FMR33520502,01-03-2025,789520,25891502,173,2025-03-03,2025-06-03,173,1,0,0
FMR34520503,01-03-2025,789520,25891502,143,2025-04-03,2025-07-03,129,0,0,0
FMR33503502,01-03-2025,789503,25891502,238,2025-03-03,2025-03-03,238,1,1,1
FMR34503502,01-03-2025,789503,25891502,231,2025-04-03,2025-03-03,231,1,1,1
FMR33401603,01-03-2025,789401,25891502,140,2025-03-03,2025-03-03,133,0,1,0
FMR34401503,01-03-2025,789401,25891502,200,2025-04-03,2025-04-03,200,1,1,1
FMR34721502,01-03-2025,789721,25891502,123,2025-04-03,2025-05-03,98,0,0,0
FMR34702502,01-03-2025,789702,25891502,239,2025-04-03,2025-04-03,215,0,1,0
FMR33521502,01-03-2025,789521,25891502,167,2025-03-03,2025-05-03,167,1,0,0
FMR33520502,01-03-2025,789520,25891403,359,2025-03-03,2025-06-03,341,0,0,0
FMR33320501,01-03-2025,789320,25891403,239,2025-03-03,2025-03-03,239,1,1,1
FMR34422403,01-03-2025,789422,25891403,265,2025-04-03,2025-06-03,252,0,0,0
FMR32903403,01-03-2025,789903,25891403,244,2025-02-03,2025-02-03,220,0,1,0
FMR32420403,01-03-2025,789420,25891403,397,2025-02-03,2025-02-03,318,0,1,0
FMR33101403,01-03-2025,789101,25891403,315,2025-03-03,2025-03-03,283,0,1,0
FMR32202603,01-03-2025,789202,25891403,440,2025-02-03,2025-02-03,440,1,1,1
FMR34303602,01-03-2025,789303,25891403,427,2025-04-03,2025-04-03,406,0,1,0
FMR32121403,01-03-2025,789121,25891403,441,2025-02-03,2025-02-03,441,1,1,1
FMR34522403,01-03-2025,789522,25891403,320,2025-04-03,2025-05-03,320,1,0,0
FMR34103403,01-03-2025,789103,25891403,467,2025-04-03,2025-04-03,420,0,1,0
FMR32220503,01-03-2025,789220,25891403,465,2025-02-03,2025-02-03,372,0,1,0
FMR32622503,01-03-2025,789622,25891503,208,2025-02-03,2025-01-03,198,0,1,0
FMR34622602,01-03-2025,789622,25891503,241,2025-04-03,2025-04-03,241,1,1,1
FMR33720503,01-03-2025,789720,25891503,146,2025-03-03,2025-04-03,146,1,0,0
FMR32220503,01-03-2025,789220,25891503,115,2025-02-03,2025-02-03,103,0,1,0
FMR33220603,01-03-2025,789220,25891503,239,2025-03-03,2025-03-03,239,1,1,1
FMR34321602,01-03-2025,789321,25891503,246,2025-04-03,2025-04-03,246,1,1,1
FMR32221603,01-03-2025,789221,25891503,158,2025-02-03,2025-02-03,158,1,1,1
FMR33221503,01-03-2025,789221,25891503,106,2025-03-03,2025-03-03,101,0,1,0
FMR32103503,01-03-2025,789103,25891503,126,2025-02-03,2025-02-03,120,0,1,0
FMR33401603,01-03-2025,789401,25891503,161,2025-03-03,2025-03-03,145,0,1,0
FMR34401503,01-03-2025,789401,25891503,192,2025-04-03,2025-04-03,192,1,1,1
FMR34721503,01-03-2025,789721,25891503,144,2025-04-03,2025-04-03,137,0,1,0
FMR33320503,01-03-2025,789320,25891503,140,2025-03-03,2025-06-03,140,1,0,0
FMR34520503,01-03-2025,789520,25891503,233,2025-04-03,2025-07-03,221,0,0,0
FMR32101601,01-03-2025,789101,25891503,183,2025-02-03,2025-02-03,183,1,1,1
FMR32422503,01-03-2025,789422,25891503,138,2025-02-03,2025-03-03,110,0,0,0
FMR34603302,01-03-2025,789603,25891103,378,2025-04-03,2025-04-03,378,1,1,1
FMR34702602,01-03-2025,789702,25891103,480,2025-04-03,2025-03-03,432,0,1,0
FMR32601103,01-03-2025,789601,25891103,310,2025-02-03,2025-02-03,294,0,1,0
FMR34601402,01-03-2025,789601,25891103,388,2025-04-03,2025-04-03,310,0,1,0
FMR33303501,01-03-2025,789303,25891103,335,2025-03-03,2025-03-03,335,1,1,1
FMR32621103,01-03-2025,789621,25891103,431,2025-02-03,2025-02-03,431,1,1,1
FMR34621103,01-03-2025,789621,25891103,357,2025-04-03,2025-04-03,339,0,1,0
FMR32501601,01-03-2025,789501,25891103,318,2025-02-03,2025-02-03,318,1,1,1
FMR33501401,01-03-2025,789501,25891103,400,2025-03-03,2025-03-03,400,1,1,1
FMR34501203,01-03-2025,789501,25891103,327,2025-04-03,2025-04-03,327,1,1,1
FMR34402202,01-03-2025,789402,25891103,340,2025-04-03,2025-04-03,272,0,1,0
FMR32221603,01-03-2025,789221,25891103,430,2025-02-03,2025-02-03,430,1,1,1
FMR33522103,01-03-2025,789522,25891103,384,2025-03-03,2025-04-03,384,1,0,0
FMR33503502,01-03-2025,789503,25891103,325,2025-03-03,2025-03-03,309,0,1,0
FMR33122301,01-03-2025,789122,25891103,403,2025-03-03,2025-05-03,403,1,0,0
FMR34122103,01-03-2025,789122,25891103,458,2025-04-03,2025-03-03,458,1,1,1
FMR32401103,01-03-2025,789401,25891103,476,2025-02-03,2025-02-03,476,1,1,1
FMR34301103,01-03-2025,789301,25891103,351,2025-04-03,2025-06-03,351,1,0,0
FMR34902103,01-03-2025,789902,25891103,456,2025-04-03,2025-06-03,410,0,0,0
FMR32202603,01-03-2025,789202,25891103,389,2025-02-03,2025-02-03,370,0,1,0
FMR34721103,01-03-2025,789721,25891103,468,2025-04-03,2025-06-03,468,1,0,0
FMR33420203,01-03-2025,789420,25891103,357,2025-03-03,2025-06-03,357,1,0,0
FMR34420402,01-03-2025,789420,25891103,325,2025-04-03,2025-05-03,325,1,0,0
FMR32321103,01-03-2025,789321,25891103,478,2025-02-03,2025-03-03,478,1,0,0
FMR33321602,01-03-2025,789321,25891103,465,2025-03-03,2025-03-03,419,0,1,0
FMR32422401,01-03-2025,789422,25891103,317,2025-02-03,2025-04-03,317,1,0,0
FMR34522601,01-03-2025,789522,25891601,181,2025-04-03,2025-07-03,163,0,0,0
FMR32202603,01-03-2025,789202,25891601,125,2025-02-03,2025-02-03,119,0,1,0
FMR32702601,01-03-2025,789702,25891601,93,2025-02-03,2025-02-03,74,0,1,0
FMR33520601,01-03-2025,789520,25891601,182,2025-03-03,2025-05-03,146,0,0,0
FMR32902601,01-03-2025,789902,25891601,93,2025-02-03,2025-03-03,88,0,0,0
FMR33103602,01-03-2025,789103,25891601,188,2025-03-03,2025-03-03,150,0,1,0
FMR33201602,01-03-2025,789201,25891601,180,2025-03-03,2025-03-03,171,0,1,0
FMR34622602,01-03-2025,789622,25891601,96,2025-04-03,2025-04-03,91,0,1,0
FMR32101601,01-03-2025,789101,25891601,124,2025-02-03,2025-02-03,124,1,1,1
FMR34220601,01-03-2025,789220,25891601,78,2025-04-03,2025-04-03,78,1,1,1
FMR34122601,01-03-2025,789122,25891601,68,2025-04-03,2025-07-03,61,0,0,0
FMR33321601,01-03-2025,789321,25891601,157,2025-03-03,2025-05-03,157,1,0,0
FMR33903601,01-03-2025,789903,25891601,93,2025-03-03,2025-03-03,84,0,1,0
FMR34621601,01-03-2025,789621,25891601,170,2025-04-03,2025-07-03,170,1,0,0
FMR32421601,01-03-2025,789421,25891601,108,2025-02-03,2025-02-03,103,0,1,0
FMR34421601,01-03-2025,789421,25891601,75,2025-04-03,2025-05-03,75,1,0,0
FMR33102601,01-03-2025,789102,25891601,180,2025-03-03,2025-03-03,180,1,1,1
FMR33401603,01-03-2025,789401,25891203,429,2025-03-03,2025-03-03,429,1,1,1
FMR32501601,01-03-2025,789501,25891601,139,2025-02-03,2025-02-03,139,1,1,1
FMR32603203,01-03-2025,789603,25891203,460,2025-02-03,2025-03-03,460,1,0,0
FMR34420402,01-03-2025,789420,25891402,353,2025-04-03,2025-05-03,353,1,0,0
FMR34401402,01-03-2025,789401,25891402,468,2025-04-03,2025-06-03,468,1,0,0
FMR34720402,01-03-2025,789720,25891402,472,2025-04-03,2025-05-03,448,0,0,0
FMR34721503,01-03-2025,789721,25891402,436,2025-04-03,2025-04-03,414,0,1,0
FMR34601402,01-03-2025,789601,25891402,208,2025-04-03,2025-04-03,208,1,1,1
FMR32520603,01-03-2025,789520,25891402,287,2025-02-03,2025-02-03,258,0,1,0
FMR33503502,01-03-2025,789503,25891402,450,2025-03-03,2025-03-03,450,1,1,1
FMR32203402,01-03-2025,789203,25891402,488,2025-02-03,2025-02-03,488,1,1,1
FMR32902402,01-03-2025,789902,25891402,405,2025-02-03,2025-02-03,405,1,1,1
FMR33321602,01-03-2025,789321,25891402,283,2025-03-03,2025-03-03,283,1,1,1
FMR33122402,01-03-2025,789122,25891402,460,2025-03-03,2025-06-03,437,0,0,0
FMR34122402,01-03-2025,789122,25891402,256,2025-04-03,2025-04-03,205,0,1,0
FMR34621601,01-03-2025,789621,25891402,220,2025-04-03,2025-07-03,220,1,0,0
FMR32221402,01-03-2025,789221,25891402,384,2025-02-03,2025-03-03,384,1,0,0
FMR33221402,01-03-2025,789221,25891402,342,2025-03-03,2025-04-03,342,1,0,0
FMR32622402,01-03-2025,789622,25891402,309,2025-02-03,2025-03-03,247,0,0,0
FMR34622602,01-03-2025,789622,25891402,462,2025-04-03,2025-04-03,439,0,1,0
FMR32202402,01-03-2025,789202,25891402,442,2025-02-03,2025-03-03,442,1,0,0
FMR34301602,01-03-2025,789301,25891201,308,2025-04-03,2025-04-03,308,1,1,1
FMR33521201,01-03-2025,789521,25891201,487,2025-03-03,2025-04-03,463,0,0,0
FMR33401603,01-03-2025,789401,25891201,461,2025-03-03,2025-03-03,461,1,1,1
FMR33320501,01-03-2025,789320,25891201,354,2025-03-03,2025-03-03,354,1,1,1
FMR32321201,01-03-2025,789321,25891201,374,2025-02-03,2025-02-03,374,1,1,1
FMR34102602,01-03-2025,789102,25891201,440,2025-04-03,2025-04-03,440,1,1,1
FMR32103503,01-03-2025,789103,25891201,112,2025-02-03,2025-02-03,101,0,1,0
FMR32501201,01-03-2025,789501,25891201,273,2025-02-03,2025-01-03,273,1,1,1
FMR34220601,01-03-2025,789220,25891201,378,2025-04-03,2025-04-03,378,1,1,1
FMR34702502,01-03-2025,789702,25891201,156,2025-04-03,2025-04-03,156,1,1,1
FMR34201201,01-03-2025,789201,25891201,291,2025-04-03,2025-05-03,233,0,0,0
FMR32622502,01-03-2025,789622,25891201,274,2025-02-03,2025-02-03,247,0,1,0
FMR34101201,01-03-2025,789101,25891201,489,2025-04-03,2025-05-03,489,1,0,0
FMR34520602,01-03-2025,789520,25891501,204,2025-04-03,2025-06-03,184,0,0,0
FMR33203603,01-03-2025,789203,25891501,104,2025-03-03,2025-03-03,104,1,1,1
FMR34420501,01-03-2025,789420,25891501,210,2025-04-03,2025-06-03,210,1,0,0
FMR33403501,01-03-2025,789403,25891501,241,2025-03-03,2025-03-03,229,0,1,0
FMR34121501,01-03-2025,789121,25891501,159,2025-04-03,2025-03-03,127,0,1,0
FMR34903603,01-03-2025,789903,25891501,136,2025-04-03,2025-04-03,136,1,1,1
FMR33320501,01-03-2025,789320,25891501,249,2025-03-03,2025-03-03,249,1,1,1
FMR32221603,01-03-2025,789221,25891501,140,2025-02-03,2025-02-03,140,1,1,1
FMR32101601,01-03-2025,789101,25891501,241,2025-02-03,2025-02-03,241,1,1,1
FMR33303501,01-03-2025,789303,25891501,105,2025-03-03,2025-03-03,105,1,1,1
FMR32102602,01-03-2025,789102,25891501,114,2025-02-03,2025-02-03,91,0,1,0
FMR32402602,01-03-2025,789402,25891501,223,2025-02-03,2025-02-03,223,1,1,1
FMR33720501,01-03-2025,789720,25891501,182,2025-03-03,2025-02-03,182,1,1,1
FMR32301603,01-03-2025,789301,25891501,238,2025-02-03,2025-02-03,238,1,1,1
FMR34301602,01-03-2025,789301,25891602,92,2025-04-03,2025-04-03,83,0,1,0
FMR34303602,01-03-2025,789303,25891602,98,2025-04-03,2025-04-03,98,1,1,1
FMR34702602,01-03-2025,789702,25891602,155,2025-04-03,2025-03-03,155,1,1,1
FMR32102602,01-03-2025,789102,25891602,63,2025-02-03,2025-02-03,63,1,1,1
FMR34102602,01-03-2025,789102,25891602,154,2025-04-03,2025-04-03,154,1,1,1
FMR34703602,01-03-2025,789703,25891602,163,2025-04-03,2025-04-03,163,1,1,1
FMR32420602,01-03-2025,789420,25891602,76,2025-02-03,2025-04-03,76,1,0,0
FMR33321602,01-03-2025,789321,25891602,78,2025-03-03,2025-03-03,74,0,1,0
FMR34321602,01-03-2025,789321,25891602,60,2025-04-03,2025-04-03,60,1,1,1
FMR32402602,01-03-2025,789402,25891602,172,2025-02-03,2025-02-03,163,0,1,0
FMR33203603,01-03-2025,789203,25891602,184,2025-03-03,2025-03-03,184,1,1,1
FMR32103602,01-03-2025,789103,25891602,86,2025-02-03,2025-01-03,77,0,1,0
FMR33103602,01-03-2025,789103,25891602,172,2025-03-03,2025-03-03,163,0,1,0
FMR33201602,01-03-2025,789201,25891602,52,2025-03-03,2025-03-03,52,1,1,1
FMR34320602,01-03-2025,789320,25891602,190,2025-04-03,2025-04-03,190,1,1,1
FMR34520602,01-03-2025,789520,25891602,164,2025-04-03,2025-06-03,131,0,0,0
FMR34622602,01-03-2025,789622,25891602,54,2025-04-03,2025-04-03,54,1,1,1
FMR32220602,01-03-2025,789220,25891602,77,2025-02-03,2025-01-03,77,1,1,1
FMR33220603,01-03-2025,789220,25891602,65,2025-03-03,2025-03-03,65,1,1,1
FMR33721603,01-03-2025,789721,25891602,148,2025-03-03,2025-03-03,148,1,1,1
FMR33501401,01-03-2025,789501,25891101,484,2025-03-03,2025-03-03,484,1,1,1
FMR32101601,01-03-2025,789101,25891101,474,2025-02-03,2025-02-03,474,1,1,1
FMR33101403,01-03-2025,789101,25891101,349,2025-03-03,2025-03-03,349,1,1,1
FMR32703401,01-03-2025,789703,25891101,492,2025-02-03,2025-02-03,492,1,1,1
FMR33321602,01-03-2025,789321,25891101,345,2025-03-03,2025-03-03,345,1,1,1
FMR32203101,01-03-2025,789203,25891101,409,2025-02-03,2025-04-03,389,0,0,0
FMR33203603,01-03-2025,789203,25891101,368,2025-03-03,2025-03-03,294,0,1,0
FMR32903403,01-03-2025,789903,25891101,343,2025-02-03,2025-02-03,326,0,1,0
FMR34122303,01-03-2025,789122,25891101,410,2025-04-03,2025-05-03,390,0,0,0
FMR33202502,01-03-2025,789202,25891101,391,2025-03-03,2025-03-03,391,1,1,1
FMR34202301,01-03-2025,789202,25891101,431,2025-04-03,2025-04-03,431,1,1,1
FMR33403501,01-03-2025,789403,25891101,379,2025-03-03,2025-03-03,379,1,1,1
FMR34401102,01-03-2025,789401,25891101,454,2025-04-03,2025-03-03,454,1,1,1
FMR33503502,01-03-2025,789503,25891101,362,2025-03-03,2025-03-03,362,1,1,1
FMR33420101,01-03-2025,789420,25891101,306,2025-03-03,2025-04-03,306,1,0,0
FMR34420501,01-03-2025,789420,25891101,494,2025-04-03,2025-06-03,494,1,0,0
FMR34622101,01-03-2025,789622,25891101,423,2025-04-03,2025-03-03,402,0,1,0
FMR34520301,01-03-2025,789520,25891101,428,2025-04-03,2025-04-03,385,0,1,0
FMR34422101,01-03-2025,789422,25891101,444,2025-04-03,2025-05-03,444,1,0,0
FMR34603401,01-03-2025,789603,25891401,313,2025-04-03,2025-05-03,313,1,0,0
FMR33501401,01-03-2025,789501,25891401,288,2025-03-03,2025-03-03,259,0,1,0
FMR32503401,01-03-2025,789503,25891401,449,2025-02-03,2025-02-03,449,1,1,1
FMR33202502,01-03-2025,789202,25891401,215,2025-03-03,2025-03-03,215,1,1,1
FMR34702502,01-03-2025,789702,25891401,355,2025-04-03,2025-04-03,337,0,1,0
FMR32703401,01-03-2025,789703,25891401,234,2025-02-03,2025-02-03,234,1,1,1
FMR32422401,01-03-2025,789422,25891401,342,2025-02-03,2025-04-03,342,1,0,0
FMR32122401,01-03-2025,789122,25891401,240,2025-02-03,2025-04-03,228,0,0,0
FMR33201602,01-03-2025,789201,25891401,480,2025-03-03,2025-03-03,456,0,1,0
FMR33103401,01-03-2025,789103,25891401,306,2025-03-03,2025-02-03,291,0,1,0
FMR34103403,01-03-2025,789103,25891401,399,2025-04-03,2025-04-03,359,0,1,0
FMR32403401,01-03-2025,789403,25891401,473,2025-02-03,2025-02-03,473,1,1,1
FMR32520603,01-03-2025,789520,25891603,67,2025-02-03,2025-02-03,64,0,1,0
FMR33220603,01-03-2025,789220,25891603,51,2025-03-03,2025-03-03,46,0,1,0
FMR33603603,01-03-2025,789603,25891603,183,2025-03-03,2025-05-03,183,1,0,0
FMR32221603,01-03-2025,789221,25891603,100,2025-02-03,2025-02-03,80,0,1,0
FMR33401603,01-03-2025,789401,25891603,127,2025-03-03,2025-03-03,127,1,1,1
FMR33420603,01-03-2025,789420,25891603,129,2025-03-03,2025-03-03,129,1,1,1
FMR32121603,01-03-2025,789121,25891603,200,2025-02-03,2025-04-03,180,0,0,0
FMR32421603,01-03-2025,789421,25891603,172,2025-02-03,2025-05-03,155,0,0,0
FMR32903603,01-03-2025,789903,25891603,128,2025-02-03,2025-03-03,115,0,0,0
FMR34903603,01-03-2025,789903,25891603,148,2025-04-03,2025-04-03,133,0,1,0
FMR33703603,01-03-2025,789703,25891603,165,2025-03-03,2025-03-03,165,1,1,1
FMR32303603,01-03-2025,789303,25891603,169,2025-02-03,2025-02-03,169,1,1,1
FMR32301603,01-03-2025,789301,25891603,134,2025-02-03,2025-02-03,121,0,1,0
FMR33203603,01-03-2025,789203,25891603,122,2025-03-03,2025-03-03,122,1,1,1
FMR32202603,01-03-2025,789202,25891603,186,2025-02-03,2025-02-03,186,1,1,1
FMR32721603,01-03-2025,789721,25891603,140,2025-02-03,2025-02-03,126,0,1,0
FMR33721603,01-03-2025,789721,25891603,195,2025-03-03,2025-03-03,195,1,1,1
FMR33621603,01-03-2025,789621,25891603,69,2025-03-03,2025-03-03,69,1,1,1
FMR32102202,01-03-2025,789102,25891202,106,2025-02-03,2025-03-03,106,1,0,0
FMR33102601,01-03-2025,789102,25891202,419,2025-03-03,2025-03-03,419,1,1,1
FMR33402303,01-03-2025,789402,25891202,167,2025-03-03,2025-03-03,167,1,1,1
FMR34402202,01-03-2025,789402,25891202,457,2025-04-03,2025-04-03,457,1,1,1
FMR33622502,01-03-2025,789622,25891202,294,2025-03-03,2025-03-03,294,1,1,1
FMR34902202,01-03-2025,789902,25891202,311,2025-04-03,2025-04-03,311,1,1,1
FMR32320202,01-03-2025,789320,25891202,211,2025-02-03,2025-03-03,211,1,0,0
FMR33320202,01-03-2025,789320,25891202,209,2025-03-03,2025-05-03,188,0,0,0
FMR32403401,01-03-2025,789403,25891202,472,2025-02-03,2025-02-03,472,1,1,1
FMR34703602,01-03-2025,789703,25891202,185,2025-04-03,2025-04-03,167,0,1,0
FMR34303602,01-03-2025,789303,25891202,160,2025-04-03,2025-04-03,144,0,1,0
FMR32721603,01-03-2025,789721,25891202,178,2025-02-03,2025-02-03,169,0,1,0
FMR33421203,01-03-2025,789421,25891202,332,2025-03-03,2025-06-03,332,1,0,0
FMR34421601,01-03-2025,789421,25891202,132,2025-04-03,2025-05-03,125,0,0,0
FMR33101202,01-03-2025,789101,25891202,150,2025-03-03,2025-04-03,150,1,0,0
FMR34401503,01-03-2025,789401,25891202,173,2025-04-03,2025-04-03,173,1,1,1
FMR33503502,01-03-2025,789503,25891202,214,2025-03-03,2025-03-03,214,1,1,1
FMR33601202,01-03-2025,789601,25891202,411,2025-03-03,2025-04-03,390,0,0,0
FMR34201202,01-03-2025,789201,25891202,175,2025-04-03,2025-04-03,175,1,1,1
FMR32521202,01-03-2025,789521,25891202,479,2025-02-03,2025-05-03,479,1,0,0
FMR33521202,01-03-2025,789521,25891202,347,2025-03-03,2025-03-03,347,1,1,1
FMR34520602,01-03-2025,789520,25891202,200,2025-04-03,2025-06-03,200,1,0,0
FMR33720202,01-03-2025,789720,25891202,270,2025-03-03,2025-03-03,270,1,1,1
FMR32202603,01-03-2025,789202,25891202,342,2025-02-03,2025-02-03,274,0,1,0
FMR33202502,01-03-2025,789202,25891202,130,2025-03-03,2025-03-03,130,1,1,1
FMR33522202,01-03-2025,789522,25891202,280,2025-03-03,2025-03-03,252,0,1,0
FMR32203402,01-03-2025,789203,25891303,64,2025-02-03,2025-02-03,64,1,1,1
FMR33103602,01-03-2025,789103,25891303,40,2025-03-03,2025-03-03,32,0,1,0
FMR32721603,01-03-2025,789721,25891303,69,2025-02-03,2025-02-03,69,1,1,1
FMR32522303,01-03-2025,789522,25891303,63,2025-02-03,2025-01-03,50,0,1,0
FMR32601303,01-03-2025,789601,25891303,95,2025-02-03,2025-03-03,95,1,0,0
FMR33601303,01-03-2025,789601,25891303,69,2025-03-03,2025-03-03,66,0,1,0
FMR33703303,01-03-2025,789703,25891303,76,2025-03-03,2025-02-03,76,1,1,1
FMR34720303,01-03-2025,789720,25891303,27,2025-04-03,2025-06-03,27,1,0,0
FMR34420303,01-03-2025,789420,25891303,63,2025-04-03,2025-04-03,57,0,1,0
FMR32622502,01-03-2025,789622,25891303,51,2025-02-03,2025-02-03,51,1,1,1
FMR34622602,01-03-2025,789622,25891303,84,2025-04-03,2025-04-03,84,1,1,1
FMR34122303,01-03-2025,789122,25891303,37,2025-04-03,2025-05-03,33,0,0,0
FMR32501601,01-03-2025,789501,25891303,51,2025-02-03,2025-02-03,41,0,1,0
FMR33501401,01-03-2025,789501,25891303,57,2025-03-03,2025-03-03,57,1,1,1
FMR32702601,01-03-2025,789702,25891303,29,2025-02-03,2025-02-03,29,1,1,1
FMR32221303,01-03-2025,789221,25891303,42,2025-02-03,2025-01-03,42,1,1,1
FMR32202402,01-03-2025,789202,25891303,40,2025-02-03,2025-03-03,40,1,0,0
FMR33403501,01-03-2025,789403,25891303,89,2025-03-03,2025-03-03,89,1,1,1
FMR34121303,01-03-2025,789121,25891303,49,2025-04-03,2025-07-03,49,1,0,0
FMR32101601,01-03-2025,789101,25891303,58,2025-02-03,2025-02-03,58,1,1,1
FMR32402303,01-03-2025,789402,25891303,68,2025-02-03,2025-03-03,54,0,0,0
FMR33402303,01-03-2025,789402,25891303,63,2025-03-03,2025-03-03,63,1,1,1
FMR32903403,01-03-2025,789903,25891303,75,2025-02-03,2025-02-03,75,1,1,1
FMR33203403,02-03-2025,789203,25891402,320,2025-03-03,2025-03-03,320,1,1,1
FMR34603203,02-03-2025,789603,25891203,477,2025-04-03,2025-03-03,477,1,1,1
FMR33422203,02-03-2025,789422,25891203,452,2025-03-03,2025-03-03,452,1,1,1
FMR35422503,02-03-2025,789422,25891203,148,2025-05-03,2025-08-03,148,1,0,0
FMR34101203,02-03-2025,789101,25891203,500,2025-04-03,2025-04-03,500,1,1,1
FMR35401203,02-03-2025,789401,25891203,400,2025-05-03,2025-05-03,380,0,1,0
FMR34320402,02-03-2025,789320,25891203,184,2025-04-03,2025-04-03,175,0,1,0
FMR35320402,02-03-2025,789320,25891203,490,2025-05-03,2025-05-03,490,1,1,1
FMR34721601,02-03-2025,789721,25891203,293,2025-04-03,2025-04-03,264,0,1,0
FMR34202203,02-03-2025,789202,25891203,206,2025-04-03,2025-03-03,206,1,1,1
FMR33503203,02-03-2025,789503,25891203,308,2025-03-03,2025-06-03,308,1,0,0
FMR35121203,02-03-2025,789121,25891203,197,2025-05-03,2025-05-03,197,1,1,1
FMR34221203,02-03-2025,789221,25891203,343,2025-04-03,2025-03-03,343,1,1,1
FMR35221203,02-03-2025,789221,25891203,294,2025-05-03,2025-05-03,279,0,1,0
FMR35321603,02-03-2025,789321,25891203,280,2025-05-03,2025-05-03,224,0,1,0
FMR33501602,02-03-2025,789501,25891203,352,2025-03-03,2025-03-03,352,1,1,1
FMR33601203,02-03-2025,789601,25891203,491,2025-03-03,2025-03-03,466,0,1,0
FMR35622603,02-03-2025,789622,25891203,185,2025-05-03,2025-05-03,185,1,1,1
FMR35902601,02-03-2025,789902,25891203,474,2025-05-03,2025-05-03,474,1,1,1
FMR35402501,02-03-2025,789402,25891203,128,2025-05-03,2025-05-03,128,1,1,1
FMR33702602,02-03-2025,789702,25891203,341,2025-03-03,2025-03-03,324,0,1,0
FMR33520203,02-03-2025,789520,25891203,236,2025-03-03,2025-02-03,212,0,1,0
FMR35320402,02-03-2025,789320,25891302,24,2025-05-03,2025-05-03,22,0,1,0
FMR35603302,02-03-2025,789603,25891302,61,2025-05-03,2025-04-03,61,1,1,1
FMR35621302,02-03-2025,789621,25891302,97,2025-05-03,2025-05-03,97,1,1,1
FMR33321303,02-03-2025,789321,25891302,55,2025-03-03,2025-03-03,44,0,1,0
FMR33420302,02-03-2025,789420,25891302,65,2025-03-03,2025-05-03,62,0,0,0
FMR34420302,02-03-2025,789420,25891302,24,2025-04-03,2025-07-03,24,1,0,0
FMR34220501,02-03-2025,789220,25891302,58,2025-04-03,2025-04-03,55,0,1,0
FMR34122403,02-03-2025,789122,25891302,51,2025-04-03,2025-05-03,48,0,0,0
FMR35122302,02-03-2025,789122,25891302,49,2025-05-03,2025-08-03,49,1,0,0
FMR35303601,02-03-2025,789303,25891302,23,2025-05-03,2025-05-03,22,0,1,0
FMR33720403,02-03-2025,789720,25891302,75,2025-03-03,2025-03-03,75,1,1,1
FMR35720302,02-03-2025,789720,25891302,32,2025-05-03,2025-04-03,30,0,1,0
FMR34703601,02-03-2025,789703,25891302,99,2025-04-03,2025-04-03,99,1,1,1
FMR34101302,02-03-2025,789101,25891302,64,2025-04-03,2025-05-03,61,0,0,0
FMR34522401,02-03-2025,789522,25891302,83,2025-04-03,2025-06-03,83,1,0,0
FMR34121401,02-03-2025,789121,25891302,56,2025-04-03,2025-07-03,56,1,0,0
FMR34903403,02-03-2025,789903,25891302,77,2025-04-03,2025-04-03,69,0,1,0
FMR35903601,02-03-2025,789903,25891302,97,2025-05-03,2025-05-03,78,0,1,0
FMR34402603,02-03-2025,789402,25891302,94,2025-04-03,2025-04-03,94,1,1,1
FMR33422302,02-03-2025,789422,25891302,35,2025-03-03,2025-06-03,35,1,0,0
FMR34721301,02-03-2025,789721,25891301,67,2025-04-03,2025-03-03,67,1,1,1
FMR35703502,02-03-2025,789703,25891301,88,2025-05-03,2025-05-03,88,1,1,1
FMR35102301,02-03-2025,789102,25891301,44,2025-05-03,2025-08-03,44,1,0,0
FMR33103301,02-03-2025,789103,25891301,72,2025-03-03,2025-02-03,68,0,1,0
FMR33321303,02-03-2025,789321,25891301,93,2025-03-03,2025-03-03,84,0,1,0
FMR35321301,02-03-2025,789321,25891301,22,2025-05-03,2025-06-03,22,1,0,0
FMR34503301,02-03-2025,789503,25891301,29,2025-04-03,2025-05-03,26,0,0,0
FMR34521301,02-03-2025,789521,25891301,62,2025-04-03,2025-06-03,59,0,0,0
FMR33702602,02-03-2025,789702,25891301,84,2025-03-03,2025-03-03,76,0,1,0
FMR34702601,02-03-2025,789702,25891301,68,2025-04-03,2025-04-03,61,0,1,0
FMR35902601,02-03-2025,789902,25891301,48,2025-05-03,2025-05-03,48,1,1,1
FMR33401301,02-03-2025,789401,25891301,67,2025-03-03,2025-03-03,54,0,1,0
FMR33721102,02-03-2025,789721,25891102,483,2025-03-03,2025-03-03,386,0,1,0
FMR34601501,02-03-2025,789601,25891102,492,2025-04-03,2025-04-03,492,1,1,1
FMR34402603,02-03-2025,789402,25891102,388,2025-04-03,2025-04-03,388,1,1,1
FMR33221401,02-03-2025,789221,25891102,472,2025-03-03,2025-03-03,472,1,1,1
FMR33622402,02-03-2025,789622,25891102,409,2025-03-03,2025-03-03,409,1,1,1
FMR35902601,02-03-2025,789902,25891102,431,2025-05-03,2025-05-03,431,1,1,1
FMR33503603,02-03-2025,789503,25891102,495,2025-03-03,2025-03-03,495,1,1,1
FMR33321303,02-03-2025,789321,25891102,420,2025-03-03,2025-03-03,420,1,1,1
FMR35420102,02-03-2025,789420,25891102,359,2025-05-03,2025-07-03,287,0,0,0
FMR35220102,02-03-2025,789220,25891102,404,2025-05-03,2025-04-03,404,1,1,1
FMR33101501,02-03-2025,789101,25891102,352,2025-03-03,2025-03-03,317,0,1,0
FMR34101203,02-03-2025,789101,25891102,308,2025-04-03,2025-04-03,308,1,1,1
FMR33102403,02-03-2025,789102,25891102,366,2025-03-03,2025-03-03,329,0,1,0
FMR34621102,02-03-2025,789621,25891102,480,2025-04-03,2025-07-03,480,1,0,0
FMR35122502,02-03-2025,789122,25891502,185,2025-05-03,2025-06-03,185,1,0,0
FMR33320502,02-03-2025,789320,25891502,128,2025-03-03,2025-03-03,128,1,1,1
FMR34201502,02-03-2025,789201,25891502,171,2025-04-03,2025-04-03,171,1,1,1
FMR33301502,02-03-2025,789301,25891502,225,2025-03-03,2025-03-03,180,0,1,0
FMR33203502,02-03-2025,789203,25891502,235,2025-03-03,2025-04-03,223,0,0,0
FMR34203602,02-03-2025,789203,25891502,202,2025-04-03,2025-04-03,202,1,1,1
FMR34202502,02-03-2025,789202,25891502,171,2025-04-03,2025-04-03,154,0,1,0
FMR34121502,02-03-2025,789121,25891502,188,2025-04-03,2025-03-03,188,1,1,1
FMR35520502,02-03-2025,789520,25891502,112,2025-05-03,2025-05-03,106,0,1,0
FMR33103603,02-03-2025,789103,25891502,185,2025-03-03,2025-03-03,185,1,1,1
FMR33603502,02-03-2025,789603,25891502,238,2025-03-03,2025-03-03,238,1,1,1
FMR35503502,02-03-2025,789503,25891502,174,2025-05-03,2025-05-03,139,0,1,0
FMR35101502,02-03-2025,789101,25891502,190,2025-05-03,2025-05-03,190,1,1,1
FMR35703502,02-03-2025,789703,25891502,210,2025-05-03,2025-05-03,210,1,1,1
FMR33702602,02-03-2025,789702,25891502,235,2025-03-03,2025-03-03,211,0,1,0
FMR35702603,02-03-2025,789702,25891502,124,2025-05-03,2025-05-03,124,1,1,1
FMR35303601,02-03-2025,789303,25891502,154,2025-05-03,2025-05-03,154,1,1,1
FMR34321502,02-03-2025,789321,25891502,243,2025-04-03,2025-04-03,243,1,1,1
FMR33501602,02-03-2025,789501,25891502,144,2025-03-03,2025-03-03,144,1,1,1
FMR33203403,02-03-2025,789203,25891403,488,2025-03-03,2025-03-03,488,1,1,1
FMR35203601,02-03-2025,789203,25891403,359,2025-05-03,2025-05-03,359,1,1,1
FMR35321603,02-03-2025,789321,25891403,201,2025-05-03,2025-05-03,201,1,1,1
FMR33903503,02-03-2025,789903,25891403,226,2025-03-03,2025-03-03,215,0,1,0
FMR34903403,02-03-2025,789903,25891403,273,2025-04-03,2025-04-03,273,1,1,1
FMR34501403,02-03-2025,789501,25891403,486,2025-04-03,2025-04-03,462,0,1,0
FMR34420403,02-03-2025,789420,25891403,455,2025-04-03,2025-06-03,455,1,0,0
FMR33201403,02-03-2025,789201,25891403,314,2025-03-03,2025-03-03,314,1,1,1
FMR35902601,02-03-2025,789902,25891403,461,2025-05-03,2025-05-03,415,0,1,0
FMR35703502,02-03-2025,789703,25891403,468,2025-05-03,2025-05-03,468,1,1,1
FMR34503602,02-03-2025,789503,25891403,317,2025-04-03,2025-04-03,317,1,1,1
FMR33122503,02-03-2025,789122,25891403,313,2025-03-03,2025-03-03,297,0,1,0
FMR34122403,02-03-2025,789122,25891403,239,2025-04-03,2025-05-03,239,1,0,0
FMR33102403,02-03-2025,789102,25891403,476,2025-03-03,2025-03-03,476,1,1,1
FMR34102403,02-03-2025,789102,25891403,495,2025-04-03,2025-04-03,495,1,1,1
FMR33202403,02-03-2025,789202,25891403,317,2025-03-03,2025-03-03,317,1,1,1
FMR34202502,02-03-2025,789202,25891403,441,2025-04-03,2025-04-03,441,1,1,1
FMR33720403,02-03-2025,789720,25891403,398,2025-03-03,2025-03-03,398,1,1,1
FMR33303403,02-03-2025,789303,25891403,269,2025-03-03,2025-03-03,242,0,1,0
FMR34521403,02-03-2025,789521,25891403,223,2025-04-03,2025-04-03,223,1,1,1
FMR33121403,02-03-2025,789121,25891403,292,2025-03-03,2025-06-03,292,1,0,0
FMR34702403,02-03-2025,789702,25891403,384,2025-04-03,2025-05-03,346,0,0,0
FMR33301502,02-03-2025,789301,25891403,264,2025-03-03,2025-03-03,264,1,1,1
FMR35301503,02-03-2025,789301,25891403,453,2025-05-03,2025-06-03,453,1,0,0
FMR34601501,02-03-2025,789601,25891403,411,2025-04-03,2025-04-03,390,0,1,0
FMR35622603,02-03-2025,789622,25891403,255,2025-05-03,2025-05-03,255,1,1,1
FMR33403601,02-03-2025,789403,25891503,178,2025-03-03,2025-03-03,178,1,1,1
FMR33321503,02-03-2025,789321,25891503,125,2025-03-03,2025-02-03,125,1,1,1
FMR33902503,02-03-2025,789902,25891503,205,2025-03-03,2025-03-03,205,1,1,1
FMR34603601,02-03-2025,789603,25891503,199,2025-04-03,2025-04-03,199,1,1,1
FMR35603601,02-03-2025,789603,25891503,114,2025-05-03,2025-05-03,114,1,1,1
FMR33903503,02-03-2025,789903,25891503,131,2025-03-03,2025-03-03,131,1,1,1
FMR35301503,02-03-2025,789301,25891503,115,2025-05-03,2025-06-03,115,1,0,0
FMR34402503,02-03-2025,789402,25891503,169,2025-04-03,2025-03-03,169,1,1,1
FMR35303503,02-03-2025,789303,25891503,193,2025-05-03,2025-06-03,193,1,0,0
FMR33122503,02-03-2025,789122,25891503,179,2025-03-03,2025-03-03,161,0,1,0
FMR34422503,02-03-2025,789422,25891503,195,2025-04-03,2025-05-03,195,1,0,0
FMR35422503,02-03-2025,789422,25891503,119,2025-05-03,2025-08-03,119,1,0,0
FMR33403103,02-03-2025,789403,25891103,436,2025-03-03,2025-02-03,414,0,1,0
FMR34521103,02-03-2025,789521,25891103,364,2025-04-03,2025-07-03,364,1,0,0
FMR35521303,02-03-2025,789521,25891103,498,2025-05-03,2025-07-03,498,1,0,0
FMR35522103,02-03-2025,789522,25891103,390,2025-05-03,2025-04-03,390,1,1,1
FMR33622402,02-03-2025,789622,25891103,329,2025-03-03,2025-03-03,329,1,1,1
FMR35122602,02-03-2025,789122,25891103,438,2025-05-03,2025-05-03,394,0,1,0
FMR34101203,02-03-2025,789101,25891103,400,2025-04-03,2025-04-03,400,1,1,1
FMR35401203,02-03-2025,789401,25891103,355,2025-05-03,2025-05-03,355,1,1,1
FMR33102403,02-03-2025,789102,25891103,375,2025-03-03,2025-03-03,375,1,1,1
FMR34102403,02-03-2025,789102,25891103,391,2025-04-03,2025-04-03,391,1,1,1
FMR35721103,02-03-2025,789721,25891103,337,2025-05-03,2025-05-03,337,1,1,1
FMR35321303,02-03-2025,789321,25891103,331,2025-05-03,2025-07-03,331,1,0,0
FMR33422103,02-03-2025,789422,25891103,417,2025-03-03,2025-04-03,375,0,0,0
FMR35422501,02-03-2025,789422,25891103,415,2025-05-03,2025-05-03,394,0,1,0
FMR34221601,02-03-2025,789221,25891601,121,2025-04-03,2025-04-03,121,1,1,1
FMR33703601,02-03-2025,789703,25891601,118,2025-03-03,2025-03-03,118,1,1,1
FMR34703601,02-03-2025,789703,25891601,118,2025-04-03,2025-04-03,118,1,1,1
FMR33601601,02-03-2025,789601,25891601,88,2025-03-03,2025-02-03,84,0,1,0
FMR35601601,02-03-2025,789601,25891601,58,2025-05-03,2025-05-03,55,0,1,0
FMR34702601,02-03-2025,789702,25891601,149,2025-04-03,2025-04-03,149,1,1,1
FMR35902601,02-03-2025,789902,25891601,171,2025-05-03,2025-05-03,154,0,1,0
FMR33403601,02-03-2025,789403,25891601,175,2025-03-03,2025-03-03,175,1,1,1
FMR33521601,02-03-2025,789521,25891601,148,2025-03-03,2025-03-03,148,1,1,1
FMR35103601,02-03-2025,789103,25891601,125,2025-05-03,2025-05-03,125,1,1,1
FMR34201601,02-03-2025,789201,25891601,100,2025-04-03,2025-05-03,100,1,0,0
FMR34721601,02-03-2025,789721,25891601,189,2025-04-03,2025-04-03,189,1,1,1
FMR35303601,02-03-2025,789303,25891601,131,2025-05-03,2025-05-03,131,1,1,1
FMR35320601,02-03-2025,789320,25891601,93,2025-05-03,2025-04-03,84,0,1,0
FMR33503603,02-03-2025,789503,25891601,93,2025-03-03,2025-03-03,84,0,1,0
FMR34720601,02-03-2025,789720,25891601,88,2025-04-03,2025-04-03,88,1,1,1
FMR34603601,02-03-2025,789603,25891601,146,2025-04-03,2025-04-03,146,1,1,1
FMR35603601,02-03-2025,789603,25891601,120,2025-05-03,2025-05-03,120,1,1,1
FMR35903601,02-03-2025,789903,25891601,153,2025-05-03,2025-05-03,153,1,1,1
FMR34102601,02-03-2025,789102,25891601,79,2025-04-03,2025-05-03,79,1,0,0
FMR35203601,02-03-2025,789203,25891601,55,2025-05-03,2025-05-03,55,1,1,1
FMR33420602,02-03-2025,789420,25891601,113,2025-03-03,2025-04-03,107,0,0,0
FMR35501601,02-03-2025,789501,25891601,169,2025-05-03,2025-05-03,169,1,1,1
FMR33220402,02-03-2025,789220,25891402,320,2025-03-03,2025-03-03,320,1,1,1
FMR35420402,02-03-2025,789420,25891402,461,2025-05-03,2025-04-03,461,1,1,1
FMR34320402,02-03-2025,789320,25891402,453,2025-04-03,2025-04-03,362,0,1,0
FMR35320402,02-03-2025,789320,25891402,297,2025-05-03,2025-05-03,297,1,1,1
FMR35603402,02-03-2025,789603,25891402,353,2025-05-03,2025-06-03,318,0,0,0
FMR35601601,02-03-2025,789601,25891402,280,2025-05-03,2025-05-03,224,0,1,0
FMR33520402,02-03-2025,789520,25891402,311,2025-03-03,2025-05-03,295,0,0,0
FMR34403602,02-03-2025,789403,25891402,391,2025-04-03,2025-04-03,391,1,1,1
FMR35321603,02-03-2025,789321,25891402,466,2025-05-03,2025-05-03,466,1,1,1
FMR33621402,02-03-2025,789621,25891402,413,2025-03-03,2025-06-03,413,1,0,0
FMR33622402,02-03-2025,789622,25891402,360,2025-03-03,2025-03-03,360,1,1,1
FMR34421402,02-03-2025,789421,25891402,241,2025-04-03,2025-07-03,217,0,0,0
FMR33102402,02-03-2025,789102,25891402,450,2025-03-03,2025-06-03,450,1,0,0
FMR34102403,02-03-2025,789102,25891402,472,2025-04-03,2025-04-03,425,0,1,0
FMR34202502,02-03-2025,789202,25891402,237,2025-04-03,2025-04-03,237,1,1,1
FMR34122202,02-03-2025,789122,25891201,129,2025-04-03,2025-07-03,116,0,0,0
FMR35621302,02-03-2025,789621,25891201,251,2025-05-03,2025-05-03,251,1,1,1
FMR33420302,02-03-2025,789420,25891201,457,2025-03-03,2025-05-03,457,1,0,0
FMR35401201,02-03-2025,789401,25891201,247,2025-05-03,2025-06-03,247,1,0,0
FMR34402603,02-03-2025,789402,25891201,446,2025-04-03,2025-04-03,446,1,1,1
FMR33902503,02-03-2025,789902,25891201,458,2025-03-03,2025-03-03,412,0,1,0
FMR34721601,02-03-2025,789721,25891201,473,2025-04-03,2025-04-03,473,1,1,1
FMR35103601,02-03-2025,789103,25891201,404,2025-05-03,2025-05-03,384,0,1,0
FMR35422501,02-03-2025,789422,25891201,394,2025-05-03,2025-05-03,394,1,1,1
FMR34503301,02-03-2025,789503,25891201,209,2025-04-03,2025-05-03,209,1,0,0
FMR33703601,02-03-2025,789703,25891201,303,2025-03-03,2025-03-03,303,1,1,1
FMR35220201,02-03-2025,789220,25891201,342,2025-05-03,2025-05-03,308,0,1,0
FMR33903503,02-03-2025,789903,25891201,451,2025-03-03,2025-03-03,361,0,1,0
FMR35903201,02-03-2025,789903,25891201,388,2025-05-03,2025-06-03,349,0,0,0
FMR33520201,02-03-2025,789520,25891201,237,2025-03-03,2025-06-03,237,1,0,0
FMR34520201,02-03-2025,789520,25891201,191,2025-04-03,2025-05-03,191,1,0,0
FMR35422501,02-03-2025,789422,25891501,171,2025-05-03,2025-05-03,171,1,1,1
FMR35501601,02-03-2025,789501,25891501,129,2025-05-03,2025-05-03,123,0,1,0
FMR35902601,02-03-2025,789902,25891501,238,2025-05-03,2025-05-03,238,1,1,1
FMR34601501,02-03-2025,789601,25891501,101,2025-04-03,2025-04-03,96,0,1,0
FMR34522603,02-03-2025,789522,25891501,144,2025-04-03,2025-07-03,144,1,0,0
FMR34221601,02-03-2025,789221,25891501,235,2025-04-03,2025-04-03,235,1,1,1
FMR33101501,02-03-2025,789101,25891501,185,2025-03-03,2025-03-03,185,1,1,1
FMR35101502,02-03-2025,789101,25891501,162,2025-05-03,2025-05-03,162,1,1,1
FMR33521501,02-03-2025,789521,25891501,171,2025-03-03,2025-06-03,171,1,0,0
FMR34421603,02-03-2025,789421,25891501,128,2025-04-03,2025-06-03,122,0,0,0
FMR35402501,02-03-2025,789402,25891501,181,2025-05-03,2025-05-03,181,1,1,1
FMR34220501,02-03-2025,789220,25891501,152,2025-04-03,2025-04-03,152,1,1,1
FMR34202502,02-03-2025,789202,25891501,105,2025-04-03,2025-04-03,105,1,1,1
FMR33301502,02-03-2025,789301,25891501,228,2025-03-03,2025-03-03,228,1,1,1
FMR34301501,02-03-2025,789301,25891501,215,2025-04-03,2025-05-03,215,1,0,0
FMR33503603,02-03-2025,789503,25891602,187,2025-03-03,2025-03-03,187,1,1,1
FMR34503602,02-03-2025,789503,25891602,116,2025-04-03,2025-04-03,110,0,1,0
FMR33301602,02-03-2025,789301,25891602,186,2025-03-03,2025-05-03,186,1,0,0
FMR33702602,02-03-2025,789702,25891602,81,2025-03-03,2025-03-03,77,0,1,0
FMR33420602,02-03-2025,789420,25891602,164,2025-03-03,2025-04-03,164,1,0,0
FMR33402602,02-03-2025,789402,25891602,178,2025-03-03,2025-03-03,160,0,1,0
FMR34203602,02-03-2025,789203,25891602,194,2025-04-03,2025-04-03,194,1,1,1
FMR35121602,02-03-2025,789121,25891602,84,2025-05-03,2025-04-03,76,0,1,0
FMR35522602,02-03-2025,789522,25891602,91,2025-05-03,2025-06-03,86,0,0,0
FMR35622603,02-03-2025,789622,25891602,100,2025-05-03,2025-05-03,100,1,1,1
FMR34902602,02-03-2025,789902,25891602,150,2025-04-03,2025-04-03,135,0,1,0
FMR33501602,02-03-2025,789501,25891602,119,2025-03-03,2025-03-03,95,0,1,0
FMR35421602,02-03-2025,789421,25891602,60,2025-05-03,2025-06-03,57,0,0,0
FMR35122602,02-03-2025,789122,25891602,148,2025-05-03,2025-05-03,141,0,1,0
FMR34403602,02-03-2025,789403,25891602,74,2025-04-03,2025-04-03,74,1,1,1
FMR33220101,02-03-2025,789220,25891101,411,2025-03-03,2025-02-03,390,0,1,0
FMR35201303,02-03-2025,789201,25891101,368,2025-05-03,2025-05-03,368,1,1,1
FMR34522101,02-03-2025,789522,25891101,477,2025-04-03,2025-04-03,477,1,1,1
FMR35303101,02-03-2025,789303,25891101,339,2025-05-03,2025-04-03,339,1,1,1
FMR34603601,02-03-2025,789603,25891101,319,2025-04-03,2025-04-03,319,1,1,1
FMR34321101,02-03-2025,789321,25891101,339,2025-04-03,2025-05-03,339,1,0,0
FMR35321101,02-03-2025,789321,25891101,347,2025-05-03,2025-04-03,347,1,1,1
FMR35203601,02-03-2025,789203,25891101,344,2025-05-03,2025-05-03,344,1,1,1
FMR33121101,02-03-2025,789121,25891101,349,2025-03-03,2025-05-03,349,1,0,0
FMR35721103,02-03-2025,789721,25891101,486,2025-05-03,2025-05-03,486,1,1,1
FMR33702602,02-03-2025,789702,25891101,302,2025-03-03,2025-03-03,302,1,1,1
FMR35122502,02-03-2025,789122,25891101,409,2025-05-03,2025-06-03,368,0,0,0
FMR34421402,02-03-2025,789421,25891101,376,2025-04-03,2025-07-03,376,1,0,0
FMR35503502,02-03-2025,789503,25891101,318,2025-05-03,2025-05-03,318,1,1,1
FMR34301101,02-03-2025,789301,25891101,395,2025-04-03,2025-04-03,355,0,1,0
FMR33402602,02-03-2025,789402,25891101,379,2025-03-03,2025-03-03,379,1,1,1
FMR34402603,02-03-2025,789402,25891101,474,2025-04-03,2025-04-03,474,1,1,1
FMR35603601,02-03-2025,789603,25891401,303,2025-05-03,2025-05-03,303,1,1,1
FMR33402602,02-03-2025,789402,25891401,308,2025-03-03,2025-03-03,308,1,1,1
FMR33622402,02-03-2025,789622,25891401,309,2025-03-03,2025-03-03,309,1,1,1
FMR34121401,02-03-2025,789121,25891401,494,2025-04-03,2025-07-03,494,1,0,0
FMR35501401,02-03-2025,789501,25891401,453,2025-05-03,2025-04-03,453,1,1,1
FMR35102401,02-03-2025,789102,25891401,433,2025-05-03,2025-05-03,433,1,1,1
FMR35702603,02-03-2025,789702,25891401,305,2025-05-03,2025-05-03,305,1,1,1
FMR35703502,02-03-2025,789703,25891401,266,2025-05-03,2025-05-03,266,1,1,1
FMR35301401,02-03-2025,789301,25891401,371,2025-05-03,2025-05-03,371,1,1,1
FMR34522401,02-03-2025,789522,25891401,437,2025-04-03,2025-06-03,437,1,0,0
FMR35422501,02-03-2025,789422,25891401,230,2025-05-03,2025-05-03,230,1,1,1
FMR35601601,02-03-2025,789601,25891401,208,2025-05-03,2025-05-03,166,0,1,0
FMR33720403,02-03-2025,789720,25891401,292,2025-03-03,2025-03-03,292,1,1,1
FMR34720601,02-03-2025,789720,25891401,242,2025-04-03,2025-04-03,230,0,1,0
FMR34521401,02-03-2025,789521,25891401,281,2025-04-03,2025-03-03,281,1,1,1
FMR34220501,02-03-2025,789220,25891401,420,2025-04-03,2025-04-03,420,1,1,1
FMR33221401,02-03-2025,789221,25891401,253,2025-03-03,2025-03-03,253,1,1,1
FMR34401603,02-03-2025,789401,25891603,95,2025-04-03,2025-04-03,95,1,1,1
FMR34121603,02-03-2025,789121,25891603,186,2025-04-03,2025-05-03,167,0,0,0
FMR33522603,02-03-2025,789522,25891603,172,2025-03-03,2025-04-03,172,1,0,0
FMR34522603,02-03-2025,789522,25891603,157,2025-04-03,2025-07-03,157,1,0,0
FMR33521603,02-03-2025,789521,25891603,71,2025-03-03,2025-05-03,71,1,0,0
FMR34521603,02-03-2025,789521,25891603,165,2025-04-03,2025-05-03,157,0,0,0
FMR35622603,02-03-2025,789622,25891603,160,2025-05-03,2025-05-03,128,0,1,0
FMR34402603,02-03-2025,789402,25891603,124,2025-04-03,2025-04-03,124,1,1,1
FMR35402603,02-03-2025,789402,25891603,175,2025-05-03,2025-04-03,175,1,1,1
FMR34421603,02-03-2025,789421,25891603,129,2025-04-03,2025-06-03,123,0,0,0
FMR33503603,02-03-2025,789503,25891603,70,2025-03-03,2025-03-03,70,1,1,1
FMR35702603,02-03-2025,789702,25891603,103,2025-05-03,2025-05-03,103,1,1,1
FMR35321603,02-03-2025,789321,25891603,104,2025-05-03,2025-05-03,94,0,1,0
FMR33103603,02-03-2025,789103,25891603,58,2025-03-03,2025-03-03,58,1,1,1
FMR35202603,02-03-2025,789202,25891603,92,2025-05-03,2025-05-03,92,1,1,1
FMR35702202,02-03-2025,789702,25891202,374,2025-05-03,2025-04-03,374,1,1,1
FMR34122202,02-03-2025,789122,25891202,448,2025-04-03,2025-07-03,426,0,0,0
FMR35122202,02-03-2025,789122,25891202,478,2025-05-03,2025-07-03,454,0,0,0
FMR34221601,02-03-2025,789221,25891202,171,2025-04-03,2025-04-03,171,1,1,1
FMR35903202,02-03-2025,789903,25891202,374,2025-05-03,2025-04-03,299,0,1,0
FMR33301202,02-03-2025,789301,25891202,444,2025-03-03,2025-04-03,400,0,0,0
FMR34301501,02-03-2025,789301,25891202,354,2025-04-03,2025-05-03,354,1,0,0
FMR33703601,02-03-2025,789703,25891202,489,2025-03-03,2025-03-03,440,0,1,0
FMR33422302,02-03-2025,789422,25891202,408,2025-03-03,2025-06-03,408,1,0,0
FMR34422202,02-03-2025,789422,25891202,235,2025-04-03,2025-06-03,235,1,0,0
FMR34721601,02-03-2025,789721,25891202,168,2025-04-03,2025-04-03,160,0,1,0
FMR33603502,02-03-2025,789603,25891202,429,2025-03-03,2025-03-03,429,1,1,1
FMR33220402,02-03-2025,789220,25891202,124,2025-03-03,2025-03-03,124,1,1,1
FMR33201403,02-03-2025,789201,25891202,180,2025-03-03,2025-03-03,180,1,1,1
FMR35720302,02-03-2025,789720,25891202,456,2025-05-03,2025-04-03,456,1,1,1
FMR35621202,02-03-2025,789621,25891202,435,2025-05-03,2025-04-03,435,1,1,1
FMR34202202,02-03-2025,789202,25891202,249,2025-04-03,2025-07-03,249,1,0,0
FMR35121202,02-03-2025,789121,25891202,246,2025-05-03,2025-07-03,246,1,0,0
FMR33203502,02-03-2025,789203,25891303,71,2025-03-03,2025-04-03,71,1,0,0
FMR35422303,02-03-2025,789422,25891303,89,2025-05-03,2025-06-03,89,1,0,0
FMR33201403,02-03-2025,789201,25891303,52,2025-03-03,2025-03-03,52,1,1,1
FMR35201303,02-03-2025,789201,25891303,44,2025-05-03,2025-05-03,42,0,1,0
FMR34721601,02-03-2025,789721,25891303,20,2025-04-03,2025-04-03,20,1,1,1
FMR33321303,02-03-2025,789321,25891303,43,2025-03-03,2025-03-03,34,0,1,0
FMR34321502,02-03-2025,789321,25891303,88,2025-04-03,2025-04-03,88,1,1,1
FMR35321303,02-03-2025,789321,25891303,84,2025-05-03,2025-07-03,84,1,0,0
FMR33522303,02-03-2025,789522,25891303,35,2025-03-03,2025-03-03,35,1,1,1
FMR34522303,02-03-2025,789522,25891303,34,2025-04-03,2025-05-03,34,1,0,0
FMR34303303,02-03-2025,789303,25891303,86,2025-04-03,2025-04-03,77,0,1,0
FMR35421602,02-03-2025,789421,25891303,56,2025-05-03,2025-06-03,56,1,0,0
FMR33520303,02-03-2025,789520,25891303,35,2025-03-03,2025-03-03,31,0,1,0
FMR34501403,02-03-2025,789501,25891303,88,2025-04-03,2025-04-03,88,1,1,1
FMR35501601,02-03-2025,789501,25891303,35,2025-05-03,2025-05-03,28,0,1,0
FMR34320402,02-03-2025,789320,25891303,95,2025-04-03,2025-04-03,95,1,1,1
FMR33202403,02-03-2025,789202,25891303,28,2025-03-03,2025-03-03,27,0,1,0
FMR34503602,02-03-2025,789503,25891303,68,2025-04-03,2025-04-03,61,0,1,0
FMR33220402,02-03-2025,789220,25891303,40,2025-03-03,2025-03-03,32,0,1,0
FMR33903303,02-03-2025,789903,25891303,71,2025-03-03,2025-04-03,67,0,0,0
FMR33621303,02-03-2025,789621,25891303,51,2025-03-03,2025-04-03,51,1,0,0
FMR35521303,02-03-2025,789521,25891303,54,2025-05-03,2025-07-03,54,1,0,0
FMR36101401,03-03-2025,789101,25891201,419,2025-06-03,2025-06-03,377,0,1,0
FMR36203203,03-03-2025,789203,25891203,367,2025-06-03,2025-06-03,367,1,1,1
FMR36521203,03-03-2025,789521,25891203,442,2025-06-03,2025-08-03,442,1,0,0
FMR34403502,03-03-2025,789403,25891203,453,2025-04-03,2025-04-03,453,1,1,1
FMR34301401,03-03-2025,789301,25891203,248,2025-04-03,2025-04-03,248,1,1,1
FMR36202203,03-03-2025,789202,25891203,356,2025-06-03,2025-07-03,320,0,0,0
FMR35303203,03-03-2025,789303,25891203,205,2025-05-03,2025-05-03,195,0,1,0
FMR36121203,03-03-2025,789121,25891203,424,2025-06-03,2025-08-03,424,1,0,0
FMR35201601,03-03-2025,789201,25891203,487,2025-05-03,2025-05-03,487,1,1,1
FMR34601603,03-03-2025,789601,25891203,323,2025-04-03,2025-04-03,291,0,1,0
FMR34122503,03-03-2025,789122,25891203,228,2025-04-03,2025-05-03,205,0,0,0
FMR34902603,03-03-2025,789902,25891203,297,2025-04-03,2025-04-03,297,1,1,1
FMR35903203,03-03-2025,789903,25891203,358,2025-05-03,2025-05-03,286,0,1,0
FMR34702402,03-03-2025,789702,25891203,130,2025-04-03,2025-04-03,130,1,1,1
FMR35702503,03-03-2025,789702,25891203,378,2025-05-03,2025-05-03,340,0,1,0
FMR35520602,03-03-2025,789520,25891203,499,2025-05-03,2025-06-03,499,1,0,0
FMR34321403,03-03-2025,789321,25891302,53,2025-04-03,2025-04-03,53,1,1,1
FMR35321302,03-03-2025,789321,25891302,52,2025-05-03,2025-06-03,52,1,0,0
FMR34421503,03-03-2025,789421,25891302,27,2025-04-03,2025-06-03,26,0,0,0
FMR35420302,03-03-2025,789420,25891302,81,2025-05-03,2025-05-03,81,1,1,1
FMR35403302,03-03-2025,789403,25891302,69,2025-05-03,2025-05-03,62,0,1,0
FMR34201603,03-03-2025,789201,25891302,54,2025-04-03,2025-04-03,54,1,1,1
FMR36122503,03-03-2025,789122,25891302,49,2025-06-03,2025-07-03,44,0,0,0
FMR35902302,03-03-2025,789902,25891302,44,2025-05-03,2025-05-03,44,1,1,1
FMR36521302,03-03-2025,789521,25891302,24,2025-06-03,2025-09-03,19,0,0,0
FMR34103302,03-03-2025,789103,25891302,45,2025-04-03,2025-05-03,36,0,0,0
FMR34303603,03-03-2025,789303,25891302,79,2025-04-03,2025-04-03,79,1,1,1
FMR34720603,03-03-2025,789720,25891302,42,2025-04-03,2025-04-03,38,0,1,0
FMR34401302,03-03-2025,789401,25891302,71,2025-04-03,2025-04-03,71,1,1,1
FMR35121302,03-03-2025,789121,25891302,37,2025-05-03,2025-04-03,30,0,1,0
FMR35420303,03-03-2025,789420,25891301,65,2025-05-03,2025-07-03,65,1,0,0
FMR36122601,03-03-2025,789122,25891301,92,2025-06-03,2025-08-03,92,1,0,0
FMR35720603,03-03-2025,789720,25891301,31,2025-05-03,2025-05-03,31,1,1,1
FMR36103301,03-03-2025,789103,25891301,57,2025-06-03,2025-07-03,57,1,0,0
FMR34201603,03-03-2025,789201,25891301,86,2025-04-03,2025-04-03,82,0,1,0
FMR36521602,03-03-2025,789521,25891301,63,2025-06-03,2025-07-03,63,1,0,0
FMR36202603,03-03-2025,789202,25891301,78,2025-06-03,2025-06-03,78,1,1,1
FMR34903401,03-03-2025,789903,25891301,36,2025-04-03,2025-04-03,34,0,1,0
FMR36903501,03-03-2025,789903,25891301,63,2025-06-03,2025-06-03,57,0,1,0
FMR36520301,03-03-2025,789520,25891301,54,2025-06-03,2025-07-03,51,0,0,0
FMR36301301,03-03-2025,789301,25891301,46,2025-06-03,2025-07-03,46,1,0,0
FMR34622301,03-03-2025,789622,25891301,32,2025-04-03,2025-06-03,32,1,0,0
FMR35622301,03-03-2025,789622,25891301,84,2025-05-03,2025-05-03,84,1,1,1
FMR36603501,03-03-2025,789603,25891301,35,2025-06-03,2025-06-03,31,0,1,0
FMR36403201,03-03-2025,789403,25891102,343,2025-06-03,2025-06-03,343,1,1,1
FMR35601102,03-03-2025,789601,25891102,437,2025-05-03,2025-06-03,415,0,0,0
FMR35520102,03-03-2025,789520,25891102,379,2025-05-03,2025-08-03,379,1,0,0
FMR35503501,03-03-2025,789503,25891102,396,2025-05-03,2025-05-03,396,1,1,1
FMR34103602,03-03-2025,789103,25891102,441,2025-04-03,2025-04-03,397,0,1,0
FMR35103502,03-03-2025,789103,25891102,361,2025-05-03,2025-05-03,325,0,1,0
FMR35320303,03-03-2025,789320,25891102,313,2025-05-03,2025-07-03,313,1,0,0
FMR34903401,03-03-2025,789903,25891102,365,2025-04-03,2025-04-03,292,0,1,0
FMR35703102,03-03-2025,789703,25891102,477,2025-05-03,2025-05-03,453,0,1,0
FMR34102503,03-03-2025,789102,25891102,420,2025-04-03,2025-04-03,378,0,1,0
FMR35122102,03-03-2025,789122,25891102,345,2025-05-03,2025-07-03,328,0,0,0
FMR35621403,03-03-2025,789621,25891102,414,2025-05-03,2025-05-03,414,1,1,1
FMR36621202,03-03-2025,789621,25891102,407,2025-06-03,2025-06-03,407,1,1,1
FMR35203502,03-03-2025,789203,25891102,454,2025-05-03,2025-05-03,431,0,1,0
FMR34122502,03-03-2025,789122,25891502,176,2025-04-03,2025-06-03,167,0,0,0
FMR34622502,03-03-2025,789622,25891502,109,2025-04-03,2025-04-03,87,0,1,0
FMR36420602,03-03-2025,789420,25891502,227,2025-06-03,2025-08-03,204,0,0,0
FMR34320502,03-03-2025,789320,25891502,234,2025-04-03,2025-04-03,234,1,1,1
FMR34220502,03-03-2025,789220,25891502,220,2025-04-03,2025-04-03,220,1,1,1
FMR35203502,03-03-2025,789203,25891502,120,2025-05-03,2025-05-03,108,0,1,0
FMR34903502,03-03-2025,789903,25891502,127,2025-04-03,2025-03-03,114,0,1,0
FMR36520502,03-03-2025,789520,25891502,239,2025-06-03,2025-06-03,215,0,1,0
FMR34103602,03-03-2025,789103,25891502,190,2025-04-03,2025-04-03,171,0,1,0
FMR35103502,03-03-2025,789103,25891502,134,2025-05-03,2025-05-03,121,0,1,0
FMR34902603,03-03-2025,789902,25891502,199,2025-04-03,2025-04-03,199,1,1,1
FMR34422602,03-03-2025,789422,25891502,124,2025-04-03,2025-04-03,112,0,1,0
FMR34101603,03-03-2025,789101,25891502,132,2025-04-03,2025-04-03,125,0,1,0
FMR36702502,03-03-2025,789702,25891502,189,2025-06-03,2025-06-03,189,1,1,1
FMR36303602,03-03-2025,789303,25891502,118,2025-06-03,2025-06-03,112,0,1,0
FMR34403502,03-03-2025,789403,25891502,157,2025-04-03,2025-04-03,157,1,1,1
FMR35321502,03-03-2025,789321,25891502,157,2025-05-03,2025-05-03,149,0,1,0
FMR36501502,03-03-2025,789501,25891502,181,2025-06-03,2025-05-03,181,1,1,1
FMR34521502,03-03-2025,789521,25891502,207,2025-04-03,2025-06-03,197,0,0,0
FMR34421502,03-03-2025,789421,25891502,172,2025-04-03,2025-07-03,138,0,0,0
FMR35421502,03-03-2025,789421,25891502,200,2025-05-03,2025-06-03,180,0,0,0
FMR35522601,03-03-2025,789522,25891502,121,2025-05-03,2025-07-03,115,0,0,0
FMR35621403,03-03-2025,789621,25891403,217,2025-05-03,2025-05-03,206,0,1,0
FMR36421403,03-03-2025,789421,25891403,227,2025-06-03,2025-08-03,182,0,0,0
FMR35402602,03-03-2025,789402,25891403,483,2025-05-03,2025-05-03,483,1,1,1
FMR34321403,03-03-2025,789321,25891403,216,2025-04-03,2025-04-03,216,1,1,1
FMR36902601,03-03-2025,789902,25891403,394,2025-06-03,2025-07-03,394,1,0,0
FMR35221403,03-03-2025,789221,25891403,355,2025-05-03,2025-05-03,319,0,1,0
FMR34703403,03-03-2025,789703,25891403,372,2025-04-03,2025-04-03,372,1,1,1
FMR36703601,03-03-2025,789703,25891403,390,2025-06-03,2025-06-03,390,1,1,1
FMR35102403,03-03-2025,789102,25891403,420,2025-05-03,2025-05-03,420,1,1,1
FMR35522403,03-03-2025,789522,25891403,277,2025-05-03,2025-06-03,249,0,0,0
FMR35401403,03-03-2025,789401,25891403,276,2025-05-03,2025-05-03,276,1,1,1
FMR34220502,03-03-2025,789220,25891403,275,2025-04-03,2025-04-03,275,1,1,1
FMR34622502,03-03-2025,789622,25891403,485,2025-04-03,2025-04-03,485,1,1,1
FMR36622503,03-03-2025,789622,25891503,117,2025-06-03,2025-06-03,117,1,1,1
FMR34720603,03-03-2025,789720,25891503,154,2025-04-03,2025-04-03,154,1,1,1
FMR36720503,03-03-2025,789720,25891503,248,2025-06-03,2025-06-03,248,1,1,1
FMR35121503,03-03-2025,789121,25891503,114,2025-05-03,2025-08-03,108,0,0,0
FMR34221503,03-03-2025,789221,25891503,120,2025-04-03,2025-04-03,108,0,1,0
FMR36221602,03-03-2025,789221,25891503,189,2025-06-03,2025-06-03,189,1,1,1
FMR36420503,03-03-2025,789420,25891503,210,2025-06-03,2025-06-03,210,1,1,1
FMR34421503,03-03-2025,789421,25891503,237,2025-04-03,2025-06-03,237,1,0,0
FMR36703601,03-03-2025,789703,25891503,211,2025-06-03,2025-06-03,211,1,1,1
FMR36603503,03-03-2025,789603,25891503,166,2025-06-03,2025-09-03,166,1,0,0
FMR34102503,03-03-2025,789102,25891503,163,2025-04-03,2025-04-03,155,0,1,0
FMR36320503,03-03-2025,789320,25891503,182,2025-06-03,2025-06-03,182,1,1,1
FMR34303603,03-03-2025,789303,25891503,192,2025-04-03,2025-04-03,192,1,1,1
FMR34122503,03-03-2025,789122,25891503,112,2025-04-03,2025-05-03,90,0,0,0
FMR36122503,03-03-2025,789122,25891503,153,2025-06-03,2025-07-03,145,0,0,0
FMR36601503,03-03-2025,789601,25891503,194,2025-06-03,2025-06-03,194,1,1,1
FMR35702503,03-03-2025,789702,25891503,111,2025-05-03,2025-05-03,111,1,1,1
FMR35421103,03-03-2025,789421,25891103,486,2025-05-03,2025-08-03,389,0,0,0
FMR36421403,03-03-2025,789421,25891103,379,2025-06-03,2025-08-03,341,0,0,0
FMR36903501,03-03-2025,789903,25891103,363,2025-06-03,2025-06-03,345,0,1,0
FMR34520103,03-03-2025,789520,25891103,381,2025-04-03,2025-07-03,362,0,0,0
FMR36621202,03-03-2025,789621,25891103,446,2025-06-03,2025-06-03,424,0,1,0
FMR36501103,03-03-2025,789501,25891103,304,2025-06-03,2025-07-03,274,0,0,0
FMR34720603,03-03-2025,789720,25891103,358,2025-04-03,2025-04-03,358,1,1,1
FMR35720603,03-03-2025,789720,25891103,471,2025-05-03,2025-05-03,471,1,1,1
FMR36522103,03-03-2025,789522,25891103,479,2025-06-03,2025-05-03,479,1,1,1
FMR34503103,03-03-2025,789503,25891103,358,2025-04-03,2025-06-03,322,0,0,0
FMR35220303,03-03-2025,789220,25891103,322,2025-05-03,2025-05-03,306,0,1,0
FMR35101401,03-03-2025,789101,25891103,325,2025-05-03,2025-05-03,325,1,1,1
FMR35301103,03-03-2025,789301,25891103,383,2025-05-03,2025-05-03,364,0,1,0
FMR35202601,03-03-2025,789202,25891103,335,2025-05-03,2025-05-03,318,0,1,0
FMR36721103,03-03-2025,789721,25891103,485,2025-06-03,2025-06-03,485,1,1,1
FMR34422602,03-03-2025,789422,25891103,416,2025-04-03,2025-04-03,416,1,1,1
FMR36703601,03-03-2025,789703,25891601,159,2025-06-03,2025-06-03,159,1,1,1
FMR35522601,03-03-2025,789522,25891601,130,2025-05-03,2025-07-03,130,1,0,0
FMR34202601,03-03-2025,789202,25891601,96,2025-04-03,2025-04-03,96,1,1,1
FMR35202601,03-03-2025,789202,25891601,138,2025-05-03,2025-05-03,138,1,1,1
FMR35702601,03-03-2025,789702,25891601,125,2025-05-03,2025-06-03,113,0,0,0
FMR36902601,03-03-2025,789902,25891601,62,2025-06-03,2025-07-03,50,0,0,0
FMR35521601,03-03-2025,789521,25891601,112,2025-05-03,2025-08-03,112,1,0,0
FMR35402602,03-03-2025,789402,25891601,134,2025-05-03,2025-05-03,134,1,1,1
FMR35201601,03-03-2025,789201,25891601,129,2025-05-03,2025-05-03,116,0,1,0
FMR34422601,03-03-2025,789422,25891601,66,2025-04-03,2025-07-03,66,1,0,0
FMR34503601,03-03-2025,789503,25891601,120,2025-04-03,2025-03-03,120,1,1,1
FMR36122601,03-03-2025,789122,25891601,148,2025-06-03,2025-08-03,133,0,0,0
FMR36421601,03-03-2025,789421,25891601,159,2025-06-03,2025-06-03,143,0,1,0
FMR34501601,03-03-2025,789501,25891601,194,2025-04-03,2025-04-03,194,1,1,1
FMR35220402,03-03-2025,789220,25891402,376,2025-05-03,2025-06-03,376,1,0,0
FMR34501601,03-03-2025,789501,25891402,396,2025-04-03,2025-04-03,396,1,1,1
FMR34402501,03-03-2025,789402,25891402,237,2025-04-03,2025-04-03,237,1,1,1
FMR36320402,03-03-2025,789320,25891402,431,2025-06-03,2025-07-03,388,0,0,0
FMR35720603,03-03-2025,789720,25891402,265,2025-05-03,2025-05-03,265,1,1,1
FMR36720402,03-03-2025,789720,25891402,345,2025-06-03,2025-08-03,345,1,0,0
FMR36703601,03-03-2025,789703,25891402,492,2025-06-03,2025-06-03,467,0,1,0
FMR36503402,03-03-2025,789503,25891402,306,2025-06-03,2025-06-03,306,1,1,1
FMR34521402,03-03-2025,789521,25891402,224,2025-04-03,2025-07-03,224,1,0,0
FMR35521602,03-03-2025,789521,25891402,295,2025-05-03,2025-06-03,295,1,0,0
FMR35522403,03-03-2025,789522,25891402,409,2025-05-03,2025-06-03,409,1,0,0
FMR36122602,03-03-2025,789122,25891402,412,2025-06-03,2025-09-03,391,0,0,0
FMR36121402,03-03-2025,789121,25891402,485,2025-06-03,2025-09-03,388,0,0,0
FMR36221402,03-03-2025,789221,25891402,239,2025-06-03,2025-07-03,239,1,0,0
FMR34702402,03-03-2025,789702,25891402,280,2025-04-03,2025-04-03,252,0,1,0
FMR35303203,03-03-2025,789303,25891201,500,2025-05-03,2025-05-03,500,1,1,1
FMR36303602,03-03-2025,789303,25891201,469,2025-06-03,2025-06-03,469,1,1,1
FMR35603603,03-03-2025,789603,25891201,367,2025-05-03,2025-05-03,367,1,1,1
FMR36121203,03-03-2025,789121,25891201,226,2025-06-03,2025-08-03,203,0,0,0
FMR34601603,03-03-2025,789601,25891201,227,2025-04-03,2025-04-03,227,1,1,1
FMR36301201,03-03-2025,789301,25891201,137,2025-06-03,2025-06-03,137,1,1,1
FMR34420201,03-03-2025,789420,25891201,186,2025-04-03,2025-03-03,177,0,1,0
FMR35420302,03-03-2025,789420,25891201,309,2025-05-03,2025-05-03,247,0,1,0
FMR36420602,03-03-2025,789420,25891201,134,2025-06-03,2025-08-03,134,1,0,0
FMR35320602,03-03-2025,789320,25891201,360,2025-05-03,2025-05-03,360,1,1,1
FMR35402602,03-03-2025,789402,25891201,299,2025-05-03,2025-05-03,299,1,1,1
FMR35202201,03-03-2025,789202,25891201,233,2025-05-03,2025-07-03,233,1,0,0
FMR34321201,03-03-2025,789321,25891201,223,2025-04-03,2025-05-03,223,1,0,0
FMR35902302,03-03-2025,789902,25891201,233,2025-05-03,2025-05-03,233,1,1,1
FMR35403302,03-03-2025,789403,25891201,223,2025-05-03,2025-05-03,201,0,1,0
FMR36403201,03-03-2025,789403,25891201,321,2025-06-03,2025-06-03,321,1,1,1
FMR36103201,03-03-2025,789103,25891201,268,2025-06-03,2025-05-03,255,0,1,0
FMR35503501,03-03-2025,789503,25891201,447,2025-05-03,2025-05-03,447,1,1,1
FMR36703601,03-03-2025,789703,25891201,239,2025-06-03,2025-06-03,239,1,1,1
FMR36501201,03-03-2025,789501,25891201,443,2025-06-03,2025-06-03,443,1,1,1
FMR34903401,03-03-2025,789903,25891201,366,2025-04-03,2025-04-03,366,1,1,1
FMR35522601,03-03-2025,789522,25891201,362,2025-05-03,2025-07-03,362,1,0,0
FMR36522603,03-03-2025,789522,25891201,121,2025-06-03,2025-09-03,121,1,0,0
FMR35603603,03-03-2025,789603,25891203,195,2025-05-03,2025-05-03,195,1,1,1
FMR35503501,03-03-2025,789503,25891501,189,2025-05-03,2025-05-03,189,1,1,1
FMR34501601,03-03-2025,789501,25891501,194,2025-04-03,2025-04-03,175,0,1,0
FMR34902603,03-03-2025,789902,25891501,246,2025-04-03,2025-04-03,246,1,1,1
FMR34203501,03-03-2025,789203,25891501,153,2025-04-03,2025-04-03,153,1,1,1
FMR35203502,03-03-2025,789203,25891501,165,2025-05-03,2025-05-03,157,0,1,0
FMR36603501,03-03-2025,789603,25891501,117,2025-06-03,2025-06-03,117,1,1,1
FMR36401501,03-03-2025,789401,25891501,219,2025-06-03,2025-06-03,219,1,1,1
FMR34201603,03-03-2025,789201,25891501,119,2025-04-03,2025-04-03,113,0,1,0
FMR35201601,03-03-2025,789201,25891501,154,2025-05-03,2025-05-03,154,1,1,1
FMR35403501,03-03-2025,789403,25891501,250,2025-05-03,2025-04-03,250,1,1,1
FMR34621603,03-03-2025,789621,25891501,230,2025-04-03,2025-04-03,230,1,1,1
FMR36903501,03-03-2025,789903,25891501,220,2025-06-03,2025-06-03,198,0,1,0
FMR34303603,03-03-2025,789303,25891501,166,2025-04-03,2025-04-03,166,1,1,1
FMR35521501,03-03-2025,789521,25891501,158,2025-05-03,2025-05-03,158,1,1,1
FMR34402501,03-03-2025,789402,25891501,193,2025-04-03,2025-04-03,174,0,1,0
FMR34720603,03-03-2025,789720,25891501,227,2025-04-03,2025-04-03,227,1,1,1
FMR35503602,03-03-2025,789503,25891602,67,2025-05-03,2025-06-03,67,1,0,0
FMR36303602,03-03-2025,789303,25891602,68,2025-06-03,2025-06-03,61,0,1,0
FMR35521602,03-03-2025,789521,25891602,149,2025-05-03,2025-06-03,142,0,0,0
FMR36521602,03-03-2025,789521,25891602,95,2025-06-03,2025-07-03,95,1,0,0
FMR36420602,03-03-2025,789420,25891602,144,2025-06-03,2025-08-03,144,1,0,0
FMR35402602,03-03-2025,789402,25891602,107,2025-05-03,2025-05-03,107,1,1,1
FMR34103602,03-03-2025,789103,25891602,171,2025-04-03,2025-04-03,171,1,1,1
FMR36221602,03-03-2025,789221,25891602,82,2025-06-03,2025-06-03,82,1,1,1
FMR34601603,03-03-2025,789601,25891602,113,2025-04-03,2025-04-03,113,1,1,1
FMR35601602,03-03-2025,789601,25891602,65,2025-05-03,2025-04-03,59,0,1,0
FMR34201603,03-03-2025,789201,25891602,73,2025-04-03,2025-04-03,73,1,1,1
FMR35320602,03-03-2025,789320,25891602,139,2025-05-03,2025-05-03,139,1,1,1
FMR35520602,03-03-2025,789520,25891602,112,2025-05-03,2025-06-03,106,0,0,0
FMR36520602,03-03-2025,789520,25891602,67,2025-06-03,2025-05-03,54,0,1,0
FMR36121602,03-03-2025,789121,25891602,62,2025-06-03,2025-06-03,62,1,1,1
FMR34101603,03-03-2025,789101,25891602,66,2025-04-03,2025-04-03,66,1,1,1
FMR35603603,03-03-2025,789603,25891602,154,2025-05-03,2025-05-03,146,0,1,0
FMR36603602,03-03-2025,789603,25891602,200,2025-06-03,2025-05-03,200,1,1,1
FMR34721603,03-03-2025,789721,25891602,117,2025-04-03,2025-04-03,117,1,1,1
FMR36122602,03-03-2025,789122,25891602,55,2025-06-03,2025-09-03,49,0,0,0
FMR34422602,03-03-2025,789422,25891602,121,2025-04-03,2025-04-03,121,1,1,1
FMR34220502,03-03-2025,789220,25891101,343,2025-04-03,2025-04-03,343,1,1,1
FMR35220303,03-03-2025,789220,25891101,338,2025-05-03,2025-05-03,338,1,1,1
FMR35501101,03-03-2025,789501,25891101,430,2025-05-03,2025-05-03,430,1,1,1
FMR36501201,03-03-2025,789501,25891101,358,2025-06-03,2025-06-03,358,1,1,1
FMR35101401,03-03-2025,789101,25891101,380,2025-05-03,2025-05-03,380,1,1,1
FMR34203501,03-03-2025,789203,25891101,370,2025-04-03,2025-04-03,370,1,1,1
FMR36203203,03-03-2025,789203,25891101,446,2025-06-03,2025-06-03,446,1,1,1
FMR34121101,03-03-2025,789121,25891101,488,2025-04-03,2025-04-03,488,1,1,1
FMR34721101,03-03-2025,789721,25891101,400,2025-04-03,2025-03-03,400,1,1,1
FMR36721101,03-03-2025,789721,25891101,391,2025-06-03,2025-07-03,371,0,0,0
FMR34903101,03-03-2025,789903,25891101,342,2025-04-03,2025-05-03,274,0,0,0
FMR35903203,03-03-2025,789903,25891101,303,2025-05-03,2025-05-03,273,0,1,0
FMR34320502,03-03-2025,789320,25891101,459,2025-04-03,2025-04-03,459,1,1,1
FMR36221602,03-03-2025,789221,25891101,439,2025-06-03,2025-06-03,439,1,1,1
FMR34403502,03-03-2025,789403,25891101,350,2025-04-03,2025-04-03,315,0,1,0
FMR35102403,03-03-2025,789102,25891101,304,2025-05-03,2025-05-03,304,1,1,1
FMR35420101,03-03-2025,789420,25891101,421,2025-05-03,2025-06-03,421,1,0,0
FMR35622301,03-03-2025,789622,25891101,423,2025-05-03,2025-05-03,423,1,1,1
FMR36422101,03-03-2025,789422,25891101,339,2025-06-03,2025-09-03,339,1,0,0
FMR35402602,03-03-2025,789402,25891101,325,2025-05-03,2025-05-03,309,0,1,0
FMR36402101,03-03-2025,789402,25891101,321,2025-06-03,2025-06-03,321,1,1,1
FMR34102401,03-03-2025,789102,25891401,239,2025-04-03,2025-05-03,227,0,0,0
FMR36102401,03-03-2025,789102,25891401,478,2025-06-03,2025-06-03,430,0,1,0
FMR34903401,03-03-2025,789903,25891401,430,2025-04-03,2025-04-03,430,1,1,1
FMR35903401,03-03-2025,789903,25891401,244,2025-05-03,2025-06-03,220,0,0,0
FMR36702502,03-03-2025,789702,25891401,293,2025-06-03,2025-06-03,293,1,1,1
FMR34301401,03-03-2025,789301,25891401,447,2025-04-03,2025-04-03,358,0,1,0
FMR36522401,03-03-2025,789522,25891401,265,2025-06-03,2025-08-03,265,1,0,0
FMR35303401,03-03-2025,789303,25891401,366,2025-05-03,2025-08-03,366,1,0,0
FMR34201603,03-03-2025,789201,25891401,424,2025-04-03,2025-04-03,382,0,1,0
FMR34421502,03-03-2025,789421,25891401,309,2025-04-03,2025-07-03,309,1,0,0
FMR35101401,03-03-2025,789101,25891401,486,2025-05-03,2025-05-03,486,1,1,1
FMR36101401,03-03-2025,789101,25891401,464,2025-06-03,2025-06-03,464,1,1,1
FMR36220401,03-03-2025,789220,25891401,396,2025-06-03,2025-06-03,396,1,1,1
FMR34321403,03-03-2025,789321,25891401,258,2025-04-03,2025-04-03,258,1,1,1
FMR35221403,03-03-2025,789221,25891401,283,2025-05-03,2025-05-03,283,1,1,1
FMR34603603,03-03-2025,789603,25891603,52,2025-04-03,2025-04-03,47,0,1,0
FMR35603603,03-03-2025,789603,25891603,117,2025-05-03,2025-05-03,117,1,1,1
FMR34720603,03-03-2025,789720,25891603,192,2025-04-03,2025-04-03,154,0,1,0
FMR35720603,03-03-2025,789720,25891603,66,2025-05-03,2025-05-03,63,0,1,0
FMR34221603,03-03-2025,789221,25891603,61,2025-04-03,2025-05-03,58,0,0,0
FMR34101603,03-03-2025,789101,25891603,152,2025-04-03,2025-04-03,144,0,1,0
FMR36420603,03-03-2025,789420,25891603,105,2025-06-03,2025-07-03,105,1,0,0
FMR36522603,03-03-2025,789522,25891603,53,2025-06-03,2025-09-03,53,1,0,0
FMR36521603,03-03-2025,789521,25891603,70,2025-06-03,2025-06-03,66,0,1,0
FMR34902603,03-03-2025,789902,25891603,151,2025-04-03,2025-04-03,151,1,1,1
FMR34303603,03-03-2025,789303,25891603,187,2025-04-03,2025-04-03,187,1,1,1
FMR34601603,03-03-2025,789601,25891603,198,2025-04-03,2025-04-03,158,0,1,0
FMR36202603,03-03-2025,789202,25891603,170,2025-06-03,2025-06-03,170,1,1,1
FMR34201603,03-03-2025,789201,25891603,114,2025-04-03,2025-04-03,91,0,1,0
FMR34721603,03-03-2025,789721,25891603,73,2025-04-03,2025-04-03,66,0,1,0
FMR35721603,03-03-2025,789721,25891603,196,2025-05-03,2025-05-03,196,1,1,1
FMR34621603,03-03-2025,789621,25891603,117,2025-04-03,2025-04-03,111,0,1,0
FMR34122603,03-03-2025,789122,25891603,53,2025-04-03,2025-07-03,48,0,0,0
FMR35122603,03-03-2025,789122,25891603,167,2025-05-03,2025-05-03,167,1,1,1
FMR34501601,03-03-2025,789501,25891202,170,2025-04-03,2025-04-03,170,1,1,1
FMR34702402,03-03-2025,789702,25891202,231,2025-04-03,2025-04-03,219,0,1,0
FMR36903501,03-03-2025,789903,25891202,328,2025-06-03,2025-06-03,262,0,1,0
FMR34103602,03-03-2025,789103,25891202,159,2025-04-03,2025-04-03,151,0,1,0
FMR36421202,03-03-2025,789421,25891202,109,2025-06-03,2025-09-03,109,1,0,0
FMR35503202,03-03-2025,789503,25891202,295,2025-05-03,2025-04-03,295,1,1,1
FMR36220401,03-03-2025,789220,25891202,277,2025-06-03,2025-06-03,277,1,1,1
FMR34720603,03-03-2025,789720,25891202,444,2025-04-03,2025-04-03,444,1,1,1
FMR36621202,03-03-2025,789621,25891202,262,2025-06-03,2025-06-03,262,1,1,1
FMR35202601,03-03-2025,789202,25891202,149,2025-05-03,2025-05-03,149,1,1,1
FMR34321403,03-03-2025,789321,25891202,144,2025-04-03,2025-04-03,144,1,1,1
FMR35522403,03-03-2025,789522,25891202,118,2025-05-03,2025-06-03,118,1,0,0
FMR36203203,03-03-2025,789203,25891202,427,2025-06-03,2025-06-03,406,0,1,0
FMR36522401,03-03-2025,789522,25891202,269,2025-06-03,2025-08-03,269,1,0,0
FMR34103602,03-03-2025,789103,25891303,71,2025-04-03,2025-04-03,67,0,1,0
FMR34301401,03-03-2025,789301,25891303,40,2025-04-03,2025-04-03,38,0,1,0
FMR34102503,03-03-2025,789102,25891303,26,2025-04-03,2025-04-03,26,1,1,1
FMR35102403,03-03-2025,789102,25891303,80,2025-05-03,2025-05-03,80,1,1,1
FMR36703303,03-03-2025,789703,25891303,59,2025-06-03,2025-05-03,59,1,1,1
FMR35420303,03-03-2025,789420,25891303,74,2025-05-03,2025-07-03,74,1,0,0
FMR35122303,03-03-2025,789122,25891303,78,2025-05-03,2025-08-03,62,0,0,0
FMR35320303,03-03-2025,789320,25891303,76,2025-05-03,2025-07-03,76,1,0,0
FMR34702402,03-03-2025,789702,25891303,26,2025-04-03,2025-04-03,26,1,1,1
FMR34202601,03-03-2025,789202,25891303,64,2025-04-03,2025-04-03,64,1,1,1
FMR36202603,03-03-2025,789202,25891303,23,2025-06-03,2025-06-03,23,1,1,1
FMR36503402,03-03-2025,789503,25891303,35,2025-06-03,2025-06-03,31,0,1,0
FMR34902603,03-03-2025,789902,25891303,90,2025-04-03,2025-04-03,90,1,1,1
FMR35220303,03-03-2025,789220,25891303,72,2025-05-03,2025-05-03,72,1,1,1
FMR34101603,03-03-2025,789101,25891303,36,2025-04-03,2025-04-03,36,1,1,1
FMR35101401,03-03-2025,789101,25891303,74,2025-05-03,2025-05-03,74,1,1,1
FMR36320603,04-03-2025,789320,25891302,92,2025-06-03,2025-06-03,83,0,1,0
FMR36603401,04-03-2025,789603,25891203,453,2025-06-03,2025-06-03,453,1,1,1
FMR37422203,04-03-2025,789422,25891203,334,2025-07-03,2025-09-03,334,1,0,0
FMR35101203,04-03-2025,789101,25891203,329,2025-05-03,2025-06-03,329,1,0,0
FMR37320601,04-03-2025,789320,25891203,193,2025-07-03,2025-07-03,193,1,1,1
FMR35203301,04-03-2025,789203,25891203,253,2025-05-03,2025-05-03,253,1,1,1
FMR35703601,04-03-2025,789703,25891203,465,2025-05-03,2025-05-03,442,0,1,0
FMR36721501,04-03-2025,789721,25891203,474,2025-06-03,2025-06-03,474,1,1,1
FMR37721203,04-03-2025,789721,25891203,389,2025-07-03,2025-07-03,389,1,1,1
FMR36420203,04-03-2025,789420,25891203,384,2025-06-03,2025-05-03,384,1,1,1
FMR36403401,04-03-2025,789403,25891203,127,2025-06-03,2025-06-03,114,0,1,0
FMR35301602,04-03-2025,789301,25891203,365,2025-05-03,2025-05-03,365,1,1,1
FMR37301603,04-03-2025,789301,25891203,192,2025-07-03,2025-07-03,182,0,1,0
FMR37202501,04-03-2025,789202,25891203,311,2025-07-03,2025-07-03,280,0,1,0
FMR35503402,04-03-2025,789503,25891203,361,2025-05-03,2025-05-03,361,1,1,1
FMR37720502,04-03-2025,789720,25891203,317,2025-07-03,2025-07-03,285,0,1,0
FMR36221203,04-03-2025,789221,25891203,412,2025-06-03,2025-05-03,391,0,1,0
FMR37221303,04-03-2025,789221,25891203,497,2025-07-03,2025-07-03,497,1,1,1
FMR36501203,04-03-2025,789501,25891203,271,2025-06-03,2025-05-03,244,0,1,0
FMR37601303,04-03-2025,789601,25891203,355,2025-07-03,2025-08-03,355,1,0,0
FMR36622203,04-03-2025,789622,25891203,226,2025-06-03,2025-07-03,226,1,0,0
FMR36102503,04-03-2025,789102,25891203,355,2025-06-03,2025-06-03,284,0,1,0
FMR35122601,04-03-2025,789122,25891203,196,2025-05-03,2025-07-03,186,0,0,0
FMR36122203,04-03-2025,789122,25891203,150,2025-06-03,2025-05-03,120,0,1,0
FMR35102603,04-03-2025,789102,25891302,49,2025-05-03,2025-05-03,47,0,1,0
FMR37102302,04-03-2025,789102,25891302,69,2025-07-03,2025-07-03,66,0,1,0
FMR35622402,04-03-2025,789622,25891302,84,2025-05-03,2025-05-03,67,0,1,0
FMR37103203,04-03-2025,789103,25891203,248,2025-07-03,2025-07-03,248,1,1,1
FMR36621302,04-03-2025,789621,25891302,42,2025-06-03,2025-07-03,42,1,0,0
FMR37621302,04-03-2025,789621,25891302,62,2025-07-03,2025-06-03,62,1,1,1
FMR35501302,04-03-2025,789501,25891302,98,2025-05-03,2025-06-03,98,1,0,0
FMR37221303,04-03-2025,789221,25891302,23,2025-07-03,2025-07-03,23,1,1,1
FMR35520302,04-03-2025,789520,25891302,51,2025-05-03,2025-06-03,48,0,0,0
FMR35421403,04-03-2025,789421,25891302,73,2025-05-03,2025-05-03,69,0,1,0
FMR36421302,04-03-2025,789421,25891302,62,2025-06-03,2025-09-03,59,0,0,0
FMR36403401,04-03-2025,789403,25891302,99,2025-06-03,2025-06-03,99,1,1,1
FMR37403302,04-03-2025,789403,25891302,84,2025-07-03,2025-09-03,84,1,0,0
FMR36220601,04-03-2025,789220,25891302,84,2025-06-03,2025-06-03,67,0,1,0
FMR37902502,04-03-2025,789902,25891302,32,2025-07-03,2025-07-03,32,1,1,1
FMR36103302,04-03-2025,789103,25891302,90,2025-06-03,2025-09-03,72,0,0,0
FMR36203302,04-03-2025,789203,25891302,97,2025-06-03,2025-06-03,97,1,1,1
FMR35601501,04-03-2025,789601,25891302,67,2025-05-03,2025-05-03,67,1,1,1
FMR37903502,04-03-2025,789903,25891302,77,2025-07-03,2025-07-03,69,0,1,0
FMR36503501,04-03-2025,789503,25891302,88,2025-06-03,2025-06-03,88,1,1,1
FMR36721501,04-03-2025,789721,25891301,99,2025-06-03,2025-06-03,99,1,1,1
FMR37703602,04-03-2025,789703,25891301,84,2025-07-03,2025-07-03,80,0,1,0
FMR36102503,04-03-2025,789102,25891301,76,2025-06-03,2025-06-03,76,1,1,1
FMR35203301,04-03-2025,789203,25891301,87,2025-05-03,2025-05-03,87,1,1,1
FMR35601501,04-03-2025,789601,25891301,80,2025-05-03,2025-05-03,80,1,1,1
FMR36601301,04-03-2025,789601,25891301,81,2025-06-03,2025-07-03,81,1,0,0
FMR36503301,04-03-2025,789503,25891301,40,2025-06-03,2025-07-03,40,1,0,0
FMR36221303,04-03-2025,789221,25891301,20,2025-06-03,2025-06-03,16,0,1,0
FMR37221303,04-03-2025,789221,25891301,67,2025-07-03,2025-07-03,67,1,1,1
FMR37202501,04-03-2025,789202,25891301,75,2025-07-03,2025-07-03,75,1,1,1
FMR35702301,04-03-2025,789702,25891301,39,2025-05-03,2025-05-03,39,1,1,1
